item_wand_starting_wand_blue,"Starting Wand: Blue",,,,,,,,"初始蓝杖",,,,,,,,,,,,,,,,
item_wand_starting_wand_red,"Starting Wand: Red",,,,,,,,"初始红杖",,,,,,,,,,,,,,,,
animal_playerghost,Kummitus,Куммитус,,,,,,,历史幻影,クッミタス,쿠미투스,,,,,,,,,,,,,
empty_teleport_pyramid,"Portal to the top of Pyramid",,,,,,,,"去往 金字塔顶 的传送门",,,,,,,,,,,,,,,
perk_empty_extract_always_cast,Extract always cast,,,,,,,,提取始终释放（一次性）,,,,,,,,,,,,,,,,
perkdesc_empty_extract_always_cast,Extract all always-cast spells from all wands in your inventory,,,,,,,,提取你物品栏中所有法杖的所有始终释放,,,,,,,,,,,,,,,,
perk_empty_reduce_reroll_count,Reduce reroll count,,,,,,,,降低刷新计数（一次性）,,,,,,,,,,,,,,,,
perkdesc_empty_reduce_reroll_count,-3 perk reroll count,,,,,,,,-3 天赋刷新计数,,,,,,,,,,,,,,,,
perk_empty_fungal_shift_add_capacity,Increase fungal shift capacity,,,,,,,,增加真菌现实变换上限（一次性）,,,,,,,,,,,,,,,,
perkdesc_empty_fungal_shift_add_capacity,+5 fungal shift capacity,,,,,,,,+5 真菌现实变换次数上限,,,,,,,,,,,,,,,,
perk_empty_berserk_blood,Berserk Blood,,,,,,,,狂暴血液,,,,,,,,,,,,,,,,
perkdesc_empty_berserk_blood,You bleed magic liquid of berserk,,,,,,,,你流血时会淌出狂暴基质,,,,,,,,,,,,,,,,
perk_empty_teleport_blood,Teleport Blood,,,,,,,,传送血液,,,,,,,,,,,,,,,,
perkdesc_empty_teleport_blood,You bleed magic liquid of teleportation\nadditionally get [ Teleport Immunity ] perk when get this perk,,,,,,,,你流血时会淌出传送基质\n获得此天赋时额外获得 [ 传送免疫 ] 天赋,,,,,,,,,,,,,,,,
perk_empty_freeze_blood,Freeze Blood,,,,,,,,冰冷血液,,,,,,,,,,,,,,,,
perkdesc_empty_freeze_blood,You bleed freezing liquid\nadditionally get [ Freeze Immunity ] perk when get this perk,,,,,,,,你流血时会淌出冰冷液体\n获得此天赋时额外获得 [ 冰冷免疫 ] 天赋,,,,,,,,,,,,,,,,
perk_empty_lava_blood,Lava Blood,,,,,,,,熔岩血液,,,,,,,,,,,,,,,,
perkdesc_empty_lava_blood,You bleed scorching lava\nadditionally get [ Lava Immunity ] perk when get this perk,,,,,,,,你流血时会淌出炽热熔岩\n获得此天赋时额外获得 [ 熔岩免疫 ] 天赋,,,,,,,,,,,,,,,,
perk_empty_acid_blood,Acid Blood,,,,,,,,酸液血液,,,,,,,,,,,,,,,,
perkdesc_empty_acid_blood,You bleed corrosive acid\nadditionally get [ Acid Immunity ] perk when get this perk,,,,,,,,你流血时会淌出腐蚀酸液\n获得此天赋时额外获得 [ 酸液免疫 ] 天赋,,,,,,,,,,,,,,,,
perk_empty_polymorph_blood,Polymorph Blood,,,,,,,,变形血液,,,,,,,,,,,,,,,,
perkdesc_empty_polymorph_blood,You bleed magic liquid of polymorph\nadditionally get [ Polymorph Immunity ] perk when get this perk,,,,,,,,你流血时会淌出变形基质\n获得此天赋时额外获得 [ 变形免疫 ] 天赋,,,,,,,,,,,,,,,,
perk_empty_protection_glue,Glue Immunity,,,,,,,,胶球免疫,,,,,,,,,,,,,,,,
perkdesc_empty_protection_glue,You can no longer get stuck by glue ball,,,,,,,,你不再能被胶球粘住,,,,,,,,,,,,,,,,
perk_empty_protection_shock,Shock Immunity,,,,,,,,冲击免疫,,,,,,,,,,,,,,,,
perkdesc_empty_protection_shock,"You take no damege from kinetic, heavy impact and gravity well",,,,,,,,冲击、沉重冲击、引力井不会对你造成伤害,,,,,,,,,,,,,,,,
perk_empty_protection_freeze,Freeze Immunity,,,,,,,,冰冷免疫,,,,,,,,,,,,,,,,
perkdesc_empty_protection_freeze,"You cannot be frozen and take no damage from cold materials",,,,,,,,"你无法被冰冻, 寒冷物质不会对你造成伤害",,,,,,,,,,,,,,,,
perk_empty_protection_venomous_curse,Venomous Curse Immunity,,,,,,,,猛毒免疫,,,,,,,,,,,,,,,,
perkdesc_empty_protection_venomous_curse,"You take no damege from venomous curse\n-50% curse damage you take",,,,,,,,"猛毒诅咒不会对你造成伤害\n-50% 受到的诅咒伤害",,,,,,,,,,,,,,,,
perk_empty_protection_lava,Lava Immunity,,,,,,,,熔岩免疫,,,,,,,,,,,,,,,,
perkdesc_empty_protection_lava,You take no damege from lava,,,,,,,,熔岩不会对你造成伤害,,,,,,,,,,,,,,,,
perk_empty_protection_acid,Acid Immunity,,,,,,,,酸液免疫,,,,,,,,,,,,,,,,
perkdesc_empty_protection_acid,You take no damege from acid,,,,,,,,酸液不会对你造成伤害,,,,,,,,,,,,,,,,
perk_empty_protection_teleport,Teleport Immunity,,,,,,,,传送免疫,,,,,,,,,,,,,,,,
perkdesc_empty_protection_teleport,You can no longer be teleported,,,,,,,,你不再能被传送,,,,,,,,,,,,,,,,
perk_empty_protection_slice,Slice Immunity,,,,,,,,锯刃免疫,,,,,,,,,,,,,,,,
perkdesc_empty_protection_slice,You take no damege from slice,,,,,,,,锯刃不会对你造成伤害,,,,,,,,,,,,,,,,
perk_empty_protection_poison,Poison Immunity,,,,,,,,紫毒免疫,,,,,,,,,,,,,,,,
perkdesc_empty_protection_poison,You take no damege from poison,,,,,,,,紫毒不会对你造成伤害,,,,,,,,,,,,,,,,
perk_empty_protection_touch_magic,Touch Magic Immunity,,,,,,,,点金免疫,,,,,,,,,,,,,,,,
perkdesc_empty_protection_touch_magic,You take no damege from touch magic,,,,,,,,点金不会对你造成伤害,,,,,,,,,,,,,,,,
perk_empty_protection_polymorph,Polymorph Immunity,,,,,,,,变形免疫,,,,,,,,,,,,,,,,
perkdesc_empty_protection_polymorph,You can no longer polymorph,,,,,,,,你不再能变形。,,,,,,,,,,,,,,,,
perk_empty_stone_skin,Stone Skin,,,,,,,,石肤,,,,,,,,,,,,,,,,
perkdesc_empty_stone_skin,"Most types of damage you receive are reduced to 50% or even 25%, but a few types of damage are increased to 325%",,,,,,,,"你受到的大部分类型的伤害降低至 50% 甚至 25%, 但少部分类型的伤害提升至 325%",,,,,,,,,,,,,,,,
perk_empty_radiance,Radiance,,,,,,,,光辉,,,,,,,,,,,,,,,,
perkdesc_empty_radiance,You emit a bright light that repels nearby creatures,,,,,,,,你散发出驱散附近生物的明亮光芒,,,,,,,,,,,,,,,,
perk_empty_more_spell_inventory,More Spell Inventory,,,,,,,,更多法术栏,,,,,,,,,,,,,,,,
perkdesc_empty_more_spell_inventory,"You have 1 more extra row of inventory to carry spells\ndon't pretend to be clever......",,,,,,,,"你可以携带额外 1 行法术\n不要自作聪明......",,,,,,,,,,,,,,,,
perk_empty_percentage_off,% Off,,,,,,,,% 折扣,,,,,,,,,,,,,,,,
perkdesc_empty_percentage_off,"Items for sell randomly get 25%, 50%, 75% or even 100% off\nadapted from mod [ Mega Perk Pack ] with modifications\ni'm grateful to its author [ PickledSosig ] for granting permission to use it",,,,,,,,"售卖的物品随机获得 25%、 50%、 75% 甚至 100% 的折扣\n搬运自模组 [ Mega Perk Pack ] , 有更改\n感谢其开发者 [ PickledSosig ] 的搬运许可",,,,,,,,,,,,,,,,
perk_empty_sanctuary_shield,Sanctuary Shield,,,,,,,,庇护之盾,,,,,,,,,,,,,,,,
perkdesc_empty_sanctuary_shield,When stationary: Unfold a layer of highly defensive shield with strong protection\nSanctuary Shield needs 2.5s to fully spread,,,,,,,,静止不动时: 展开 1 层有极强防御的庇护之盾\n庇护之盾需要 2.5 秒完全展开,,,,,,,,,,,,,,,,
perk_empty_hearts_also_heal,Hearts healing,,,,,,,,红心治疗术,,,,,,,,,,,,,,,,
perkdesc_empty_hearts_also_heal,Hearts also heal you,,,,,,,,红心也治疗你,,,,,,,,,,,,,,,,
perk_empty_health_regeneration,Health Regeneration,,,,,,,,生命自然恢复,,,,,,,,,,,,,,,,
perkdesc_empty_health_regeneration,You regenerate health over time.,,,,,,,,你随时间流逝自然恢复生命,,,,,,,,,,,,,,,,
perk_empty_curse_illiterate,CURSE: ???,,,,,,,,诅咒: ???,,,,,,,,,,,,,,,,
perkdesc_empty_curse_illiterate,???? ? ????,,,,,,,,????,,,,,,,,,,,,,,,,
perk_empty_curse_monk,CURSE: Monk,,,,,,,,诅咒: 和尚,,,,,,,,,,,,,,,,
perkdesc_empty_curse_monk,"You have become enlightened\nall non-curse damage you take is reduced\nadditionally get [ Gold Is Forever ], 5 stacks of [ Attract Gold ] and [ % Off ] perk\n......how about guess why is this a CURSE ?",,,,,,,,"你开悟了, 降低你受到的所有非诅咒类型的伤害\n获得此诅咒时额外获得 [ 黄金永恒 ] 、 5 层 [ 吸金大法 ] 与 [ % 折扣 ] 天赋\n......不妨猜猜这为什么是个 诅咒 ?",,,,,,,,,,,,,,,,
perk_empty_curse_always_shuffle,CURSE: Always Shuffle,,,,,,,,诅咒: 始终乱序,,,,,,,,,,,,,,,,
perkdesc_empty_curse_always_shuffle,"÷2 fire rate wait and reload time for all wands ( if already negative: ×2 )\nbut, from now on all newly generated wands and wands in your inventory always shuffle",,,,,,,,"÷2 所有法杖的施法延迟与充能时间 ( 已是负数时: 改为 ×2 )\n但是, 新生成以及你物品栏的所有法杖都始终乱序",,,,,,,,,,,,,,,,
perk_empty_curse_short_wand,CURSE: Short Wand,,,,,,,,诅咒: 短杖,,,,,,,,,,,,,,,,
perkdesc_empty_curse_short_wand,"×1.2 mana max and mana charge speed for all wands\nbut, from now on all newly generated wands and wands in your inventory will be much shorter",,,,,,,,"×1.2 所有法杖的法力上限与法力回复速度\n但是, 新生成以及你物品栏的所有法杖的容量都降低许多",,,,,,,,,,,,,,,,
perk_empty_curse_malice_washes_over,CURSE: Malice Washes Over,,,,,,,,诅咒: 邪念冲刷而过,,,,,,,,,,,,,,,,
perkdesc_empty_curse_malice_washes_over,*Literal meaning*,,,,,,,,*字面含义*,,,,,,,,,,,,,,,,
perk_empty_curse_reality_shift,CURSE: Reality Shift,,,,,,,,诅咒: 现实变换,,,,,,,,,,,,,,,,
perkdesc_empty_curse_reality_shift,Randomly gain 10 stacks of [ FUNGAL SHIFT ] effect\nadditionally get 2 stacks of [ Increase fungal shift capacity ] perk when get this CURSE,,,,,,,,随机获得 10 层 [ 真菌现实变换 ] 效果\n获得此诅咒时额外获得 2 层 [ 增加真菌现实变换上限（一次性） ] 天赋,,,,,,,,,,,,,,,,
perk_empty_curse_guaranteed_lose,CURSE: “Guaranteed Win”,,,,,,,,诅咒: “保送”,,,,,,,,,,,,,,,,
perkdesc_empty_curse_guaranteed_lose,"all newly wands have 50% chance with always-cast: [ Circle of vigour ], ×2 healing damage multiplier\ngain 4 potions of healthium\nand what, Gul'dan, must we give it return?",,,,,,,,"新生成的法杖有 50% 的概率带有始终释放 [ 活力之环 ] , ×2 治疗承伤系数\n获得 4 瓶生命基质\n\n但是, 古尔丹, 代价是什么呢?",,,,,,,,,,,,,,,,
action_empty_summon_frog,Summon frog,,,,,,,,召唤呱呱,,,,,,,,,,,,,,,,
actiondesc_empty_summon_frog,"Summon a frog\nthere's a little chance to summon a bigger one",,,,,,,,召唤 1 只呱呱\n有小概率召唤大呱呱,,,,,,,,,,,,,,,,
action_empty_summon_crystal_red,Summon red crystal,,,,,,,,召唤红水晶,,,,,,,,,,,,,,,,
actiondesc_empty_summon_crystal_red,Summon a familiar red crystal\nyou know what will happen,,,,,,,,召唤 1 个眼熟的红色水晶\n你知道会发生什么的,,,,,,,,,,,,,,,,
action_empty_summon_crystal_pink,Summon pink crystal,,,,,,,,召唤粉水晶,,,,,,,,,,,,,,,,
actiondesc_empty_summon_crystal_pink,Summon a familiar pink crystal\nyou know what will happen,,,,,,,,召唤 1 个眼熟的粉色水晶\n你知道会发生什么的,,,,,,,,,,,,,,,,
action_empty_summon_crystal_green,Summon green crystal,,,,,,,,召唤绿水晶,,,,,,,,,,,,,,,,
actiondesc_empty_summon_crystal_green,......Seriously?,,,,,,,,......认真的?,,,,,,,,,,,,,,,,
action_empty_summon_vine,Summon vine,,,,,,,,召唤藤蔓,,,,,,,,,,,,,,,,
actiondesc_empty_summon_vine,Summon a lively vine\nperharps it could be very useful in some strange place?,,,,,,,,召唤一条生机勃勃的藤蔓\n也许在一些奇奇怪怪的地方很有用?,,,,,,,,,,,,,,,,
action_empty_sticky_bomb,Sticky bomb,,,,,,,,粘性炸弹,,,,,,,,,,,,,,,,
actiondesc_empty_sticky_bomb,"Very nice bomb, love from [ Terraria ] ",,,,,,,,"非常好炸弹, 爱来自 [ 泰拉瑞亚 ]",,,,,,,,,,,,,,,,
action_empty_bouncy_bomb,Bouncy bomb,,,,,,,,弹性炸弹,,,,,,,,,,,,,,,,
actiondesc_empty_bouncy_bomb,Who taught you THIS???,,,,,,,,谁教你的???,,,,,,,,,,,,,,,,
action_empty_sticky_dynamite,Sticky dynamite,,,,,,,,粘性雷管,,,,,,,,,,,,,,,,
actiondesc_empty_sticky_dynamite,"Very nice dynamite, love from [ Terraria ] ",,,,,,,,"非常好雷管, 爱来自 [ 泰拉瑞亚 ]",,,,,,,,,,,,,,,,
action_empty_bouncy_dynamite,Bouncy dynamite,,,,,,,,弹性雷管,,,,,,,,,,,,,,,,
actiondesc_empty_bouncy_dynamite,This isn't a good idea......definitely,,,,,,,,这......绝不是个好主意,,,,,,,,,,,,,,,,
action_empty_white_hole_death_trigger,White hole with death trigger,,,,,,,,带有失效触发的白洞,,,,,,,,,,,,,,,,
actiondesc_empty_white_hole_death_trigger,A slow orb of positive energy that eats through all obstacles and cast another spell as it expires,,,,,,,,"缓慢的正能量球体, 吞噬沿途的一切障碍, 并在失效时释放下一法术",,,,,,,,,,,,,,,,
action_empty_light_bullet_death_trigger,Spark bolt with death trigger,,,,,,,,带有失效触发的火花弹,,,,,,,,,,,,,,,,
actiondesc_empty_light_bullet_death_trigger,A weak but enchanting sparkling projectile that cast another spell as it expires,,,,,,,,"弱小但带有迷人闪烁的投射物, 在失效时释放下一法术",,,,,,,,,,,,,,,,
action_empty_light_bullet_timer_2,Spark bolt with double timer,,,,,,,,带有双重定时的火花弹,,,,,,,,,,,,,,,,
actiondesc_empty_light_bullet_timer_2,A weak but enchanting sparkling projectile that cast two spells after a timer runs out,,,,,,,,"弱小但带有迷人闪烁的投射物, 在定时结束后释放两个法术",,,,,,,,,,,,,,,,
action_empty_light_bullet_trigger_timer,Double spark bolt with trigger / timer,,,,,,,,带有触发/定时的双重火花弹,,,,,,,,,,,,,,,,
actiondesc_empty_light_bullet_trigger_timer,"Double weak but enchanting sparkling projectile, one of it cast another spell upon collision, another one cast another spell after a timer runs out",,,,,,,,"两个弱小但带有迷人闪烁的投射物, 其中 1 个在碰撞时释放下一法术, 另 1 个在定时结束后释放下一法术",,,,,,,,,,,,,,,,
action_empty_rubber_ball_trigger,Bouncing burst with trigger,,,,,,,,带有触发的弹跳爆发,,,,,,,,,,,,,,,,
actiondesc_empty_rubber_ball_trigger,A very bouncy projectile that cast another spell upon collision,,,,,,,,"极具弹跳力的投射物, 在碰撞时释放下一法术",,,,,,,,,,,,,,,,
action_empty_rubber_ball_timer,Bouncing burst with timer,,,,,,,,带有定时的弹跳爆发,,,,,,,,,,,,,,,,
actiondesc_empty_rubber_ball_timer,A very bouncy projectile that cast another spell after a timer runs out,,,,,,,,"极具弹跳力的投射物, 在定时结束后释放下一法术",,,,,,,,,,,,,,,,
action_empty_rubber_ball_death_trigger,Bouncing burst with death trigger,,,,,,,,带有失效触发的弹跳爆发,,,,,,,,,,,,,,,,
actiondesc_empty_rubber_ball_death_trigger,A very bouncy projectile that cast another spell as it expires,,,,,,,,"极具弹跳力的投射物, 在失效时释放下一法术",,,,,,,,,,,,,,,,
action_empty_rubber_ball_trigger_2,Bouncing burst with double trigger,,,,,,,,带有双重触发的弹跳爆发,,,,,,,,,,,,,,,,
actiondesc_empty_rubber_ball_trigger_2,A very bouncy projectile that cast two spells upon collision,,,,,,,,"极具弹跳力的投射物, 在碰撞时释放两个法术",,,,,,,,,,,,,,,,
action_empty_rubber_ball_timer_2,Bouncing burst with double timer,,,,,,,,带有双重定时的弹跳爆发,,,,,,,,,,,,,,,,
actiondesc_empty_rubber_ball_timer_2,A very bouncy projectile that cast two spells after a timer runs out,,,,,,,,"极具弹跳力的投射物, 在定时结束后释放两个法术",,,,,,,,,,,,,,,,
action_empty_rubber_ball_trigger_timer,Double bouncing burst with trigger / timer,,,,,,,,带有触发 / 定时的双重弹跳爆发,,,,,,,,,,,,,,,,
actiondesc_empty_rubber_ball_trigger_timer,"Double very bouncy projectile, one of it cast another spell upon collision, another one cast another spell after a timer runs out",,,,,,,,"两个极具弹跳力的投射物, 其中 1 个在碰撞时释放下一法术, 另 1 个在定时结束后释放下一法术",,,,,,,,,,,,,,,,
action_empty_holy_orb,Holy orb,,,,,,,,圣球,,,,,,,,,,,,,,,,
actiondesc_empty_holy_orb,"A holy orb, deals holy damage rarely",,,,,,,,"神圣法球, 罕见地造成神圣伤害",,,,,,,,,,,,,,,,
action_empty_ice_circle,Ice circle,,,,,,,,冰冻环散,,,,,,,,,,,,,,,,
actiondesc_empty_ice_circle, 12 icy projectiles spread out in a circular pattern,,,,,,,, 12 个冰冷的投射物以环形扩散,,,,,,,,,,,,,,,,
action_empty_bloom_circle,Bloom circle,,,,,,,,繁茂环散,,,,,,,,,,,,,,,,
actiondesc_empty_bloom_circle, 8 lively slime ball out in a circular pattern,,,,,,,, 8 个充满生机的粘液球以环形扩散,,,,,,,,,,,,,,,,
action_empty_orb_timer_circle,Magic orb: circle,,,,,,,,法球: 圆环,,,,,,,,,,,,,,,,
actiondesc_empty_orb_timer_circle,"A powerful magic orb, shoots its replica in 8 directions at regular intervals\nthese replicas will not shoot another replica again",,,,,,,,"强大的法球, 每隔一定时间向周围 8 个方向发射一圈它自己的复制\n这些复制品不会再发射另一复制",,,,,,,,,,,,,,,,
action_empty_orb_timer_spiral,Magic orb: spiral,,,,,,,,法球: 螺旋,,,,,,,,,,,,,,,,
actiondesc_empty_orb_timer_spiral,"A powerful magic orb, continuously shoots its replica in 12 directions around it in turns\nthese replicas will not shoot another replica again",,,,,,,,"强大的法球, 连续向周围 12 个方向依次发射它自己的复制\n这些复制品不会再发射另一复制",,,,,,,,,,,,,,,,
action_empty_colorful_iter_projectile_buckshot,"Colorful Iter. Projectile: Buckshot",,,,,,,,"幻彩迭代投射物: 霰弹",,,,,,,,,,,,,,,,
actiondesc_empty_colorful_iter_projectile_buckshot,"Apply following effects based on iteration on cast\n1. if iteration exists: {colorful buckshot count} increases by iteration - 1\n2. if iteration doesn't exist: set sum of all {colorful buckshot count} in this cast to 0\nafter that, if {colorful buckshot count} > 0: cast colorful buckshot colorful buckshot count times\ndamage of colorful buckshot cast this way increases by ( sum of all {colorful buckshot count} in this cast ^ math.max( 1, number of NG+ ) )\nlifetime increases by ( 20% × ( sum of all {colorful buckshot count} in this cast - 1 ) )\nfire rate wait increased by ( 3 × {colorful buckshot count} ) frames\nspread degrees increases by ( 5 × {colorful buckshot count} ^ 2 )",,,,,,,,"根据释放时的 迭代数 把以下效果适用\n1. 有 迭代数: {幻彩霰弹计数} 增加 ( 迭代数 - 1 )\n2. 没有 迭代数: 本次施法当前 {幻彩霰弹计数} 之和变成 0\n那之后，如果 {幻彩霰弹计数} > 0: 释放 {幻彩霰弹计数} 个幻彩霰弹\n这个方法释放的幻彩霰弹伤害增加 ( 本次施法全部 {幻彩霰弹计数} 之和 ^ math.max( 1, NG+数 ) )\n存在时间延长 ( 20% × ( 本次施法全部 {幻彩霰弹计数} 之和 - 1 ) )\n释放延迟增加 ( 3 × {幻彩霰弹计数} ) 帧\n散射角度增加 ( 5 × {幻彩霰弹计数} ^ 2 )",,,,,,,,,,,,,,,,
action_empty_colorful_rec_iter_projectile_chainsaw,"Colorful Rec. Iter. Projectile: Chainsaw",,,,,,,,"幻彩递归迭代投射物: 链锯",,,,,,,,,,,,,,,,
actiondesc_empty_colorful_rec_iter_projectile_chainsaw,"Apply following effects based on recursion level and iteration on cast\n1. if recursion exists: fire rate wait set to 0, {colorful chainsaw count} increases by 3 × ( 1 + recursive level )\n2. if iteration exists: reload time set to 0, {colorful chainsaw count} increases by iteration\n3. if 1. and 2. both exist: mana set to half\n4. if 1. and 2. both don't exist: mana set to half, set sum of all {colorful chainsaw count}s in this cast to 0\nafter that, if {colorful chainsaw count} > 0: cast Colorful chainsaw 1 times\ndamage of Colorful chainsaw cast this way increases by SCALE * ( sum of all {colorful chainsaw count} in this cast ^ ( 1 + number of NG+ ) )\nspecifically, default value of SCALE is 25, some other mods may change this value",,,,,,,,"根据释放时的 递归等级 与 迭代数 把以下效果适用\n1. 有 递归等级: 施法延迟 变成 0，{幻彩链锯计数} 增加 3 × ( 1 + 递归等级 )\n2. 有 迭代数: 充能时间 变成 0，{幻彩链锯计数} 增加 迭代数\n3. 同时满足  1. 与 2.: 法力变成一半\n4. 同时不满足 1. 与 2.: 法力变成一半, 本次施法当前 {幻彩链锯计数} 之和变成 0\n那之后，如果 {幻彩链锯计数} > 0: 释放 1 个幻彩链锯\n这个方法释放的幻彩链锯伤害增加 ( 缩放比例 * 本次施法全部 {幻彩链锯计数} 之和 ^ ( 1 + NG+数 ) )\n特别地, 缩放比例 默认值为 25, 部分其他模组可能更改此数值",,,,,,,,,,,,,,,,
action_empty_colorful_rec_iter_projectile_hole,"Colorful Rec. Iter. Projectile: Hole",,,,,,,,"幻彩递归迭代投射物: 洞",,,,,,,,,,,,,,,,
actiondesc_empty_colorful_rec_iter_projectile_hole,"Apply following effects based on recursion level and iteration on cast\n1. if recursion exists: fire rate wait +60 frames\n2. if iteration exists: reload time +60 frames\n3. recursion 0: target spell becomes [ Black Hole ]\n4. recursion 1: target spell becomes Giga [ Black Hole ]\n5. recursion 2: target spell becomes Omega [ Black Hole ]\n6. if 1. and 2. both exist: replace target spell in 3., 4. and 5. with corresponding [ White Hole ] ver.\n7. if 1. doesn't exists and 2. exists: target spell becomes Energy Orb\n8. if 1. and 2. both don't exist: target spell becomes Energy Sphere, send all spells from hand and deck to graveyard, ban draw\nafter that, cast target spell 1 times",,,,,,,,"根据释放时的 递归等级 与 迭代数 把以下效果适用\n1. 有 递归等级: 施法延迟 +60 帧\n2. 有 迭代数: 充能时间 +60 帧\n3. 递归 0: 目标法术 变为 [ 黑洞 ]\n4. 递归 1: 目标法术 变为 巨大[ 黑洞 ]\n5. 递归 2: 目标法术 变为 终结[ 黑洞 ]\n6. 同时满足 1. 与 2.: 将 3., 4. 与 5. 中的 目标法术 替换为对应的 [ 白洞 ] 版本\n7. 不满足 1. 但满足 2.: 目标法术 变为 能量球\n8. 同时不满足 1. 与 2.: 目标法术 变为 能量球体, 将整个手卡·卡组送去墓地, 开启禁抽\n那之后, 释放 1 发 目标法术",,,,,,,,,,,,,,,,
action_empty_nuke_ray_line,Two-way nuke thrower,,,,,,,,双向核弹投射,,,,,,,,,,,,,,,,
actiondesc_empty_nuke_ray_line,Makes a projectile fire ......nukes?! perpendicular to its trajectory,,,,,,,,令投射物发射垂直于速度方向的......核弹?!,,,,,,,,,,,,,,,,
action_empty_fire_rate_wait_increase_damage,Fire rate wait increase damage,,,,,,,,延迟增力量,,,,,,,,,,,,,,,,
actiondesc_empty_fire_rate_wait_increase_damage,Increases drill damage based on fire rate wait\nlow fire rate wait will reduce damage instead,,,,,,,,根据施法延迟提升投射物的穿凿伤害\n过低的施法延迟会反降其伤害,,,,,,,,,,,,,,,,
action_empty_reload_time_increase_damage,Reload time increase damage,,,,,,,,充能增力量,,,,,,,,,,,,,,,,
actiondesc_empty_reload_time_increase_damage,Increases slice damage based on reload time\nlow reload time will reduce damage instead,,,,,,,,根据充能时间提升投射物的切割伤害\n过低的充能时间会反降其伤害,,,,,,,,,,,,,,,,
action_empty_uses_increase_damage,Uses increase damage,,,,,,,,次数增力量,,,,,,,,,,,,,,,,
actiondesc_empty_uses_increase_damage,Increases ice damage based on the total number of times spells in the deck have been used,,,,,,,,根据此时卡组中法术的合计已使用次数提升投射物的寒冰伤害,,,,,,,,,,,,,,,,
action_empty_lifetime_infinite,Permanent lifetime,,,,,,,,持续时间无限,,,,,,,,,,,,,,,,
actiondesc_empty_lifetime_infinite,"The lifetime of a spell becomes permanent, but harmful to the caster",,,,,,,,"法术的存在时间变为无限, 但对释放者也造成伤害",,,,,,,,,,,,,,,,
action_empty_slow,Slow down,,,,,,,,减速,,,,,,,,,,,,,,,,
actiondesc_empty_slow,Decrease the speed at which a projectile flies through the air,,,,,,,,降低投射物的飞行速度,,,,,,,,,,,,,,,,
action_empty_cast_at_0_speed,Cast at 0 speed,,,,,,,,0 速释放,,,,,,,,,,,,,,,,
actiondesc_empty_cast_at_0_speed,"Casts spells at 0 starting velocity, reduce fire rate wait and reload time at the same time",,,,,,,,"以初速度 0 释放法术, 同时降低施法延迟与充能时间",,,,,,,,,,,,,,,,
action_empty_remove_gravity,Remove gravity,,,,,,,,移除重力,,,,,,,,,,,,,,,,
actiondesc_empty_remove_gravity,Remove projectiles' gravity,,,,,,,,移除重力对投射物的影响,,,,,,,,,,,,,,,,
action_empty_remove_air_friction,Remove air friction,,,,,,,,移除空气阻力,,,,,,,,,,,,,,,,
actiondesc_empty_remove_air_friction,Remove projectiles' friction from air,,,,,,,,移除空气阻力对投射物的影响,,,,,,,,,,,,,,,,
action_empty_remove_lua,Remove lua,,,,,,,,移除lua,,,,,,,,,,,,,,,,
actiondesc_empty_remove_lua,Remove projectiles' all lua script,,,,,,,,移除投射物的全部 lua 脚本,,,,,,,,,,,,,,,,
action_empty_remove_self_damage,Remove self-damage,,,,,,,,移除自伤,,,,,,,,,,,,,,,,
actiondesc_empty_remove_self_damage,Projectiles will no longer cause damage to the caster,,,,,,,,投射物本体不再对释放者造成伤害,,,,,,,,,,,,,,,,
action_empty_damage_to_projectile,"Damage to: projectile",,,,,,,,"伤害变换: 投射物",,,,,,,,,,,,,,,
actiondesc_empty_damage_to_projectile,"Add half of the sum of other damage-type to projectile-type, then set those to 0",,,,,,,,"将其他类型伤害合计数值的一半加到 投射物伤害 上, 然后将那些其他伤害变成 0",,,,,,,,,,,,,,,
action_empty_damage_to_fire,"Damage to: fire",,,,,,,,"伤害变换: 火焰",,,,,,,,,,,,,,,
actiondesc_empty_damage_to_fire,"Add half of the sum of other damage-type to fire-type, then set those to 0",,,,,,,,"将其他类型伤害合计数值的一半加到 火焰伤害 上, 然后将那些其他伤害变成 0",,,,,,,,,,,,,,,
action_empty_damage_to_explosion,"Damage to: explosion",,,,,,,,"伤害变换: 爆炸",,,,,,,,,,,,,,,
actiondesc_empty_damage_to_explosion,"Add half of the sum of other damage-type to explosion-type, then set those to 0",,,,,,,,"将其他类型伤害合计数值的一半加到 爆炸伤害 上, 然后将那些其他伤害变成 0",,,,,,,,,,,,,,,
action_empty_damage_to_electricity,"Damage to: electricity",,,,,,,,"伤害变换: 雷电",,,,,,,,,,,,,,,
actiondesc_empty_damage_to_electricity,"Add half of the sum of other damage-type to electricity-type, then set those to 0",,,,,,,,"将其他类型伤害合计数值的一半加到 雷电伤害 上, 然后将那些其他伤害变成 0",,,,,,,,,,,,,,,
action_empty_damage_to_ice,"Damage to: ice",,,,,,,,"伤害变换: 冰冻",,,,,,,,,,,,,,,
actiondesc_empty_damage_to_ice,"Add half of the sum of other damage-type to ice-type, then set those to 0",,,,,,,,"将其他类型伤害合计数值的一半加到 冰冻伤害 上, 然后将那些其他伤害变成 0",,,,,,,,,,,,,,,
action_empty_damage_to_radioactive,"Damage to: radioactive",,,,,,,,"伤害变换: 绿毒",,,,,,,,,,,,,,,
actiondesc_empty_damage_to_radioactive,"Add half of the sum of other damage-type to radioactive-type, then set those to 0",,,,,,,,"将其他类型伤害合计数值的一半加到 绿毒伤害 上, 然后将那些其他伤害变成 0",,,,,,,,,,,,,,,
action_empty_damage_to_poison,"Damage to: poison",,,,,,,,"伤害变换: 紫毒",,,,,,,,,,,,,,,
actiondesc_empty_damage_to_poison,"Add half of the sum of other damage-type to poison-type, then set those to 0",,,,,,,,"将其他类型伤害合计数值的一半加到 紫毒伤害 上, 然后将那些其他伤害变成 0",,,,,,,,,,,,,,,
action_empty_damage_to_slice,"Damage to: slice",,,,,,,,"伤害变换: 切割",,,,,,,,,,,,,,,
actiondesc_empty_damage_to_slice,"Add half of the sum of other damage-type to slice-type, then set those to 0",,,,,,,,"将其他类型伤害合计数值的一半加到 切割伤害 上, 然后将那些其他伤害变成 0",,,,,,,,,,,,,,,
action_empty_damage_to_drill,"Damage to: drill",,,,,,,,"伤害变换: 穿凿",,,,,,,,,,,,,,,
actiondesc_empty_damage_to_drill,"Add half of the sum of other damage-type to drill-type, then set those to 0",,,,,,,,"将其他类型伤害合计数值的一半加到 穿凿伤害 上, 然后将那些其他伤害变成 0",,,,,,,,,,,,,,,
action_empty_damage_to_melee,"Damage to: melee",,,,,,,,"伤害变换: 近战",,,,,,,,,,,,,,,
actiondesc_empty_damage_to_melee,"Add half of the sum of other damage-type to melee-type, then set those to 0",,,,,,,,"将其他类型伤害合计数值的一半加到 近战伤害 上, 然后将那些其他伤害变成 0",,,,,,,,,,,,,,,
action_empty_damage_to_physics_hit,"Damage to: physics_hit",,,,,,,,"伤害变换: 物理",,,,,,,,,,,,,,,
actiondesc_empty_damage_to_physics_hit,"Add half of the sum of other damage-type to physics_hit-type, then set those to 0",,,,,,,,"将其他类型伤害合计数值的一半加到 物理伤害 上, 然后将那些其他伤害变成 0",,,,,,,,,,,,,,,
action_empty_damage_to_curse,"Damage to: curse",,,,,,,,"伤害变换: 诅咒",,,,,,,,,,,,,,,
actiondesc_empty_damage_to_curse,"Add half of the sum of other damage-type to curse-type, then set those to 0",,,,,,,,"将其他类型伤害合计数值的一半加到 诅咒伤害 上, 然后将那些其他伤害变成 0",,,,,,,,,,,,,,,
action_empty_damage_to_holy,"Damage to: holy",,,,,,,,"伤害变换: 神圣",,,,,,,,,,,,,,,
actiondesc_empty_damage_to_holy,"Add half of the sum of other damage-type to holy-type, then set those to 0",,,,,,,,"将其他类型伤害合计数值的一半加到 神圣伤害 上, 然后将那些其他伤害变成 0",,,,,,,,,,,,,,,
action_empty_damage_to_healing,"Damage to: healing",,,,,,,,"伤害变换: 治疗",,,,,,,,,,,,,,,
actiondesc_empty_damage_to_healing,"Add half of the sum of other damage-type to healing-type, then set those to 0",,,,,,,,"将其他类型伤害合计数值的一半加到 治疗伤害 上, 然后将那些其他伤害变成 0",,,,,,,,,,,,,,,
action_empty_wall_trail,Wall trail,,,,,,,,屏障轨迹,,,,,,,,,,,,,,,,
actiondesc_empty_wall_trail,"Gives a projectile a trail of......wall?",,,,,,,,"令投射物飞行时留下......屏障轨迹?",,,,,,,,,,,,,,,,
action_empty_blood_trail,Blood trail,,,,,,,,鲜血轨迹,,,,,,,,,,,,,,,,
actiondesc_empty_blood_trail,Gives a projectile a trail of blood,,,,,,,,"令投射物飞行时留下鲜血轨迹, 并令击中的敌人染血",,,,,,,,,,,,,,,,
action_empty_urine_trail,Urine trail,,,,,,,,尿液轨迹,,,,,,,,,,,,,,,,
actiondesc_empty_urine_trail,Gives a projectile a trail of urine,,,,,,,,"令投射物飞行时留下尿液轨迹, 并令击中的敌人沾染尿渍",,,,,,,,,,,,,,,,
action_empty_hitfx_critical_urine,Critical on jarated enemies,,,,,,,,尿渍暴击,,,,,,,,,,,,,,,,
actiondesc_empty_hitfx_critical_urine,Makes a projectile always do a critical hit on jarated enemies,,,,,,,,令投射物击中沾有尿渍的敌人时暴击率 +100%,,,,,,,,,,,,,,,,
action_empty_colorful_rec_modifier_complex,"Colorful Rec. Modifier: Complex",,,,,,,,"幻彩递归修正: 复合",,,,,,,,,,,,,,,,
actiondesc_empty_colorful_rec_modifier_complex,"Apply following effects based on recursion level on cast\n1. if recursion exists: lifetime of spells +120 frames, fire rate wait +40 frames, reload time -20 frames\n2. recursion 0: projectile can through enemies\n3. recursion 1: projectile can through ground\n4. recursion 2: projectile accelerate towards your foes\n5. if recursion doesn't exist: clear current extra entities, then set projectile lifetime to 0, fire rate wait -20 frames, reload time +40 frames",,,,,,,,"根据释放时的 递归等级 把以下效果适用\n1. 有 递归等级: 投射物存在时间延长 120 帧, 施法延迟 +40 帧, 充能时间 -20 帧\n2. 递归 0: 投射物能够穿透敌人\n3. 递归 1: 投射物可以穿透地形\n4. 递归 2: 投射物向你的敌人加速扑去\n5. 无 递归等级: 清空当前 额外实体, 然后投射物的存在时间变为 0, 施法延迟 -20 帧, 充能时间 +40 帧",,,,,,,,,,,,,,,,
action_empty_material_urine,Urine,,,,,,,,尿,,,,,,,,,,,,,,,,
actiondesc_empty_material_urine,Transmute drops of urine from nothing,,,,,,,,"凭空产生一滴尿, 并令投射物击中的敌人沾染尿渍",,,,,,,,,,,,,,,,
action_empty_material_lava,Lava,,,,,,,,熔岩,,,,,,,,,,,,,,,,
actiondesc_empty_material_lava,Transmute drops of lava from nothing,,,,,,,,"凭空产生一滴熔岩, 并点燃投射物击中的敌人",,,,,,,,,,,,,,,,
action_empty_chunk_of_cement,Chunk of cement,,,,,,,,一把水泥,,,,,,,,,,,,,,,,
actiondesc_empty_chunk_of_cement,Don't stuck yourself,,,,,,,,别把自己卡住了,,,,,,,,,,,,,,,,
action_empty_chunk_of_gunpowder,Chunk of gunpowder,,,,,,,,一把火药,,,,,,,,,,,,,,,,
actiondesc_empty_chunk_of_gunpowder,Don't burn yourself,,,,,,,,别把自己点燃了,,,,,,,,,,,,,,,,
action_empty_circle_rainbow,Circle of rainbow,,,,,,,,彩虹之环,,,,,,,,,,,,,,,,
actiondesc_empty_circle_rainbow,An expanding circle of blood,,,,,,,,迷幻彩虹组成的扩散之环,,,,,,,,,,,,,,,,
action_empty_circle_blood,Circle of blood,,,,,,,,鲜血之环,,,,,,,,,,,,,,,,
actiondesc_empty_circle_blood,An expanding circle of blood,,,,,,,,淋漓鲜血组成的扩散之环,,,,,,,,,,,,,,,,
action_empty_circle_radioactive,Circle of toxic,,,,,,,,毒性之环,,,,,,,,,,,,,,,,
actiondesc_empty_circle_radioactive,An expanding circle of toxic sludge,,,,,,,,毒性淤泥组成的扩散之环,,,,,,,,,,,,,,,,
action_empty_circle_freeze,Circle of freeze,,,,,,,,冰冷之环,,,,,,,,,,,,,,,,
actiondesc_empty_circle_freeze,An expanding circle of freezing liquid,,,,,,,,冰冷液体组成的扩散之环,,,,,,,,,,,,,,,,
action_empty_circle_lava,Circle of lava,,,,,,,,熔岩之环,,,,,,,,,,,,,,,,
actiondesc_empty_circle_lava,An expanding circle of lava,,,,,,,,流淌熔岩组成的扩散之环,,,,,,,,,,,,,,,,
action_empty_circle_void,Circle of void,,,,,,,,虚空之环,,,,,,,,,,,,,,,,
actiondesc_empty_circle_void,An expanding circle of liquid of void,,,,,,,,虚空液体组成的扩散之环,,,,,,,,,,,,,,,,
action_empty_circle_invisible,Circle of invisible,,,,,,,,隐形之环,,,,,,,,,,,,,,,,
actiondesc_empty_circle_invisible,An expanding circle of magic liquid of invisibility,,,,,,,,隐形基质组成的扩散之环,,,,,,,,,,,,,,,,
action_empty_circle_pheromone,Circle of pheromone,,,,,,,,魅惑之环,,,,,,,,,,,,,,,,
actiondesc_empty_circle_pheromone,An expanding circle of magic liquid of pheromone,,,,,,,,魅惑基质组成的扩散之环,,,,,,,,,,,,,,,,
action_empty_circle_berserk,Circle of berserk,,,,,,,,狂暴之环,,,,,,,,,,,,,,,,
actiondesc_empty_circle_berserk,An expanding circle of magic liquid of berserk,,,,,,,,狂暴基质组成的扩散之环,,,,,,,,,,,,,,,,
action_empty_circle_teleport,Circle of teleport,,,,,,,,传送之环,,,,,,,,,,,,,,,,
actiondesc_empty_circle_teleport,An expanding circle of magic liquid of teleportation,,,,,,,,传送基质组成的扩散之环,,,,,,,,,,,,,,,,
action_empty_circle_weak,Circle of weak,,,,,,,,虚弱之环,,,,,,,,,,,,,,,,
actiondesc_empty_circle_weak,An expanding circle of magic liquid of weakness,,,,,,,,虚弱基质组成的扩散之环,,,,,,,,,,,,,,,,
action_empty_circle_ominous,Circle of ominous,,,,,,,,不详之环,,,,,,,,,,,,,,,,
actiondesc_empty_circle_ominous,An expanding circle of ominous liquid,,,,,,,,不详液体组成的扩散之环,,,,,,,,,,,,,,,,
action_empty_circle_polymorph,Circle of polymorph,,,,,,,,变形之环,,,,,,,,,,,,,,,,
actiondesc_empty_circle_polymorph,An expanding circle of magic liquid of polymorph,,,,,,,,变形基质组成的扩散之环,,,,,,,,,,,,,,,,
action_empty_circle_molten_gold,Circle of molten gold,,,,,,,,熔金之环,,,,,,,,,,,,,,,,
actiondesc_empty_circle_molten_gold,An expanding circle of molten gold,,,,,,,,熔融黄金组成的扩散之环,,,,,,,,,,,,,,,,
action_empty_circle_creepy,Circle of creepy,,,,,,,,恐怖之环,,,,,,,,,,,,,,,,
actiondesc_empty_circle_creepy,An expanding circle of creepy liquid,,,,,,,,恐怖液体组成的扩散之环,,,,,,,,,,,,,,,,
action_empty_circle_monster_powder,Circle of monster,,,,,,,,怪物之环,,,,,,,,,,,,,,,,
actiondesc_empty_circle_monster_powder,......No,,,,,,,,......别,,,,,,,,,,,,,,,,
action_empty_circle_hp_regeneration,Circle of life,,,,,,,,生命之环,,,,,,,,,,,,,,,,
actiondesc_empty_circle_hp_regeneration,"An expanding circle of magic liquid of hp regeneration\ndon't pretend to be clever......",,,,,,,,"生命基质组成的扩散之环\n不要自作聪明......",,,,,,,,,,,,,,,,
action_empty_circle_just_death,Circle of death,,,,,,,,死亡之环,,,,,,,,,,,,,,,,
actiondesc_empty_circle_just_death,Are you sure......?,,,,,,,,你确定......?,,,,,,,,,,,,,,,,
action_empty_circle_empty,Circle of EMPTY,,,,,,,,空无之环,,,,,,,,,,,,,,,,
actiondesc_empty_circle_empty,The whispers of the void echo in your mind,,,,,,,,虚空的呢喃在你的脑海回响,,,,,,,,,,,,,,,,
action_empty_deck_to_power,Deck to power,,,,,,,,卡组变力量,,,,,,,,,,,,,,,,
actiondesc_empty_deck_to_power,"Send the entire deck to graveyard, increases curse damage based on the number of spells send to graveyard\nreturn the first spell of graveyard to deck, then draw 1",,,,,,,,"将整个卡组送去墓地, 根据送去墓地的法术数量为投射物增加诅咒伤害\n墓地最前 1 个法术回到卡组, 那之后, 抽 1",,,,,,,,,,,,,,,,
action_empty_spell_recharge,Spell recharge,,,,,,,,法术重装填,,,,,,,,,,,,,,,,
actiondesc_empty_spell_recharge,Fills every spell which is not [ Spell recharge ] and not has full usage count with 1 use in your wand,,,,,,,,为你法杖中的每个不为 [ 法术重装填 ] 且使用次数不满的法术装填 1 次使用次数,,,,,,,,,,,,,,,,
action_empty_gold_magic,Gold Magic,,,,,,,,黄金魔法,,,,,,,,,,,,,,,,
actiondesc_empty_gold_magic,"Adds 50 mana to this wand, reduces fire rate wait and reload time at the costs of 2 gold",,,,,,,,"以 2 黄金为代价, 向法杖注入 50 法力、缩短施法延迟与充能时间",,,,,,,,,,,,,,,,
action_empty_all_giga_blackhole,Spells to Giga Blackhole,,,,,,,,终结黑洞置换术,,,,,,,,,,,,,,,,
actiondesc_empty_all_giga_blackhole,"Transforms every projectile currently exist into......Giga Blackhole?!",,,,,,,,"将存在的投射物化为......终结黑洞?!",,,,,,,,,,,,,,,,
action_empty_all_giga_whitehole,Spells to Giga Whitehole,,,,,,,,终结白洞置换术,,,,,,,,,,,,,,,,
actiondesc_empty_all_giga_whitehole,"Transforms every projectile currently exist into......Giga Whitehole?!",,,,,,,,"将存在的投射物化为......终结白洞?!",,,,,,,,,,,,,,,,
action_empty_all_empty,Spells to EMPTY,,,,,,,,空无置换术,,,,,,,,,,,,,,,,
actiondesc_empty_all_empty,"Transforms every projectile currently exist into EMPTY",,,,,,,,"将存在的投射物化为空无",,,,,,,,,,,,,,,,
action_empty_cursor_homing,Cursor homing,,,,,,,,光标追踪,,,,,,,,,,,,,,,,
actiondesc_empty_cursor_homing,Redirects all airborne projectiles towards shooter's cursor at a high speed,,,,,,,,令空中的所有投射物快速飞向此法术释放者的光标位置,,,,,,,,,,,,,,,,
action_empty_cursor_teleport,Cursor teleport,,,,,,,,光标传送,,,,,,,,,,,,,,,,
actiondesc_empty_cursor_teleport,Teleports caster to caster's cursor position; inflicts curse damage equal to 33% of caster's max health to caster,,,,,,,,"将释放者传送到光标位置, 并对释放者造成等同于其生命上限 33% 的诅咒伤害",,,,,,,,,,,,,,,,
action_empty_cursor_cast,Cursor cast,,,,,,,,光标施法,,,,,,,,,,,,,,,,
actiondesc_empty_cursor_cast,Casts spell from caster's cursor position,,,,,,,,从释放者光标位置施法,,,,,,,,,,,,,,,,
action_empty_create_potion,Create potion,,,,,,,,魔药创造,,,,,,,,,,,,,,,,
actiondesc_empty_create_potion,A POTION!,,,,,,,,一瓶魔药！,,,,,,,,,,,,,,,,
action_empty_summon_sell_hole,Summon SELL HOLE,,,,,,,,召唤回收洞,,,,,,,,,,,,,,,,
actiondesc_empty_summon_sell_hole,"Summon a SELL HOLE so that sell wands or spells for gold\nadapted from mod [ Sellhole ] with modifications\ni'm grateful to its author [ Tanksy ] for granting permission to use it",,,,,,,,"召唤一个回收洞以便将法杖或法术回收为黄金\n搬运自模组 [ Sellhole ] , 有更改\n感谢其开发者 [ Tanksy ] 的搬运许可",,,,,,,,,,,,,,,,
action_empty_discard_magic_queue,Discard magic: QUEUE,,,,,,,,弃牌魔术: 队列,,,,,,,,,,,,,,,,
actiondesc_empty_discard_magic_queue,"Increases electricity damage based on the number of spells in hand, send the first spell in hand to graveyard",,,,,,,,"根据手卡的法术数量为投射物增加雷电伤害, 将手卡第 1 个法术送去墓地",,,,,,,,,,,,,,,,
action_empty_discard_magic_stack,Discard magic: STACK,,,,,,,,弃牌魔术: 堆栈,,,,,,,,,,,,,,,,
actiondesc_empty_discard_magic_stack,"Increases fire damage based on the number of spells in hand, send the final spell in hand to graveyard",,,,,,,,"根据手卡的法术数量为投射物增加火焰伤害, 将手卡最后 1 个法术送去墓地",,,,,,,,,,,,,,,,
action_empty_discard_magic_self,Discard magic: SELF,,,,,,,,弃牌魔术: 自身,,,,,,,,,,,,,,,,
actiondesc_empty_discard_magic_self,"Increases ice damage based on the number of spells in hand\nif last spell in hand is [ Discard magic: SELF ]: send it to graveyard",,,,,,,,"根据手卡的法术数量为投射物增加冰冻伤害\n如果手卡最后 1 个法术是 [ 弃牌魔术: 自身 ]: 将其送去墓地",,,,,,,,,,,,,,,,
action_empty_swap_life_and_death,"Swap 'life' and 'death'",,,,,,,,"'现世'与'冥界'的逆转",,,,,,,,,,,,,,,,
actiondesc_empty_swap_life_and_death,"Swaps deck and graveyard\nafter that, draw spells equal to the difference count between deck and graveyard",,,,,,,,"交换卡组与墓地\n那之后, 抽出卡组与墓地相差数量的绝对值",,,,,,,,,,,,,,,,
action_empty_x2,"×2",,,,,,,,"×2",,,,,,,,,,,,,,,,
actiondesc_empty_x2,"Casts every spell which is not [ ×2 ] or [ RESET ] by order in hand with no draw\nignore their impact on mana, fire rate wait and reload time\nafter that, draw 1",,,,,,,,"依次禁抽地释放手卡中的每个不为 [ ×2 ] 或 [ 魔杖刷新 ] 的法术\n无视它们对法力、施法延迟、充能时间的影响\n那之后, 抽 1",,,,,,,,,,,,,,,,
action_empty_arrival,"ARRIVAL",,,,,,,,"到来",,,,,,,,,,,,,,,,
actiondesc_empty_arrival,"Casts every spell which is not [ ARRIVAL ] or [ RESET ] by order in deck with no draw\nignore their impact on mana, fire rate wait and reload time\nafter that, draw 1 \n crossing mountains and rivers, traveler must arrive\n DESTINY is inescapable",,,,,,,,"依次禁抽地释放卡组中的每个不为 [ 到来 ] 或 [ 魔杖刷新 ] 的法术\n无视它们对法力、施法延迟、充能时间的影响\n那之后, 抽 1 \n 跨越山川终已至\n 定数无可避",,,,,,,,,,,,,,,,
action_empty_departure,"DEPARTURE",,,,,,,,"离去",,,,,,,,,,,,,,,,
actiondesc_empty_departure,"Casts every spell which is not [ DEPARTURE ] or [ RESET ] by order in graveyard with no draw\nignore their impact on mana, fire rate wait and reload time\nafter that, draw 1 \n echoes and visages fade into distance\n FUTURE remains unknowable",,,,,,,,"依次禁抽地释放墓地中的每个不为 [ 离去 ] 或 [ 魔杖刷新 ] 的法术\n无视它们对法力、施法延迟、充能时间的影响\n那之后, 抽 1 \n 声闻形貌终已远\n 前路未可知",,,,,,,,,,,,,,,,
action_empty_return,"RETURN",,,,,,,,"归来",,,,,,,,,,,,,,,,
actiondesc_empty_return,"Send the entire hand to graveyard, draw number of spells sent to graveyard\nafter that, cast every spell which is not [ RETURN ] or [ RESET ] by order in hand with no draw\nignore their impact on mana, fire rate wait and reload time\n having traversed whole mortal world, traveler finally returns\n HOME shall be reached",,,,,,,,"将整个手卡送去墓地, 抽送去墓地数量的法术\n那之后, 依次禁抽地释放手卡中的每个不为 [ 归来 ] 或 [ 魔杖刷新 ] 的法术\n无视它们对法力、施法延迟、充能时间的影响\n 遍历尘世终已返\n 归途必可期",,,,,,,,,,,,,,,,
action_empty_triphase_reincarnation,"Triphase reincarntion",,,,,,,,"三相轮回",,,,,,,,,,,,,,,,
actiondesc_empty_triphase_reincarnation,"Sends the entire hand to graveyard, return the number of spells send to graveyard from front of graveyard to behind of deck\nafter that, draw the number of spells return to deck\nwhen this spell cast twice or more in same casting: this wand be forced enter reload phase instead",,,,,,,,"将整个手卡送去墓地, 送去墓地数量的法术从墓地最前回到卡组最后\n那之后, 抽回到卡组的法术数量\n在同 1 次施法中释放 2 次以上时: 改为强制进入充能冷却",,,,,,,,,,,,,,,,
action_empty_alpha+,ALPHA+,,,,,,,,阿尔法+,,,,,,,,,,,,,,,,
actiondesc_empty_alpha+,"Casts the first spell which is not [ ALPHA+ ] , [ ALPHA- ] or [ RESET ] in original order of wand",,,,,,,,释放法杖原本序列中第 1 个不为 [ 阿尔法+ ] 、 [ 阿尔法- ] 或 [ 魔杖刷新 ] 的法术,,,,,,,,,,,,,,,,
action_empty_gamma+,GAMMA+,,,,,,,,伽马+,,,,,,,,,,,,,,,
actiondesc_empty_gamma+,"Casts the last spell which is not [ GAMMA+ ] , [ GAMMA- ] or [ RESET ] in original order of wand",,,,,,,,释放法杖原本序列中最后 1 个不为 [ 伽马+ ] 、 [ 伽马- ] 或 [ 魔杖刷新 ] 的法术,,,,,,,,,,,,,,,,
action_empty_tau+,TAU+,,,,,,,,陶+,,,,,,,,,,,,,,,,
actiondesc_empty_tau+,Cast 2 spells in front of deck\nif deck contains only 1 spell: cast this spell 2 times,,,,,,,,依次释放卡组最前 2 个法术\n如果卡组只有 1 个法术: 改为释放这个法术 2 次,,,,,,,,,,,,,,,,
action_empty_omega+,OMEGA+,,,,,,,,终结+,,,,,,,,,,,,,,,,
actiondesc_empty_omega+,"Casts every spell which is not [ OMEGA+ ] , [ OMEGA- ] or [ RESET ] by original order of wand with no draw\nignore their impact on mana, fire rate wait and reload time",,,,,,,,按法杖原本序列依次禁抽地释放每个不为 [ 终结+ ] 、 [ 终结- ] 或 [ 魔杖刷新 ] 的法术\n无视它们对法力、施法延迟、充能时间的影响,,,,,,,,,,,,,,,,
action_empty_mu+,MU+,,,,,,,,缪+,,,,,,,,,,,,,,,,
actiondesc_empty_mu+,"Cast every modifier-type spell by original order of wand with no draw\nignore their impact on mana, fire rate wait and reload time",,,,,,,,"按法杖原本序列依次禁抽地释放每个修正法术\n无视它们对法力、施法延迟、充能时间的影响",,,,,,,,,,,,,,,,
action_empty_phi+,PHI+,,,,,,,,斐+,,,,,,,,,,,,,,,,
actiondesc_empty_phi+,"Casts every projectile-type spell by original order of wand with no draw\nignore their impact on mana, fire rate wait and reload time",,,,,,,,按法杖原本序列依次禁抽地释放每个投射物法术\n无视它们对法力、施法延迟、充能时间的影响,,,,,,,,,,,,,,,,
action_empty_sigma+,SIGMA+,,,,,,,,西格玛+,,,,,,,,,,,,,,,,
actiondesc_empty_sigma+,"Cast every static-projectile-type spell by original order of wand with no draw\nignore their impact on mana, fire rate wait and reload time",,,,,,,,按法杖原本序列依次禁抽地释放每个静态投射物法术\n无视它们对法力、施法延迟、充能时间的影响,,,,,,,,,,,,,,,,
action_empty_zeta+,ZETA+,,,,,,,,泽塔+,,,,,,,,,,,,,,,,
actiondesc_empty_zeta+,"Copies a random spell which is not [ ZETA+ ] , [ ZETA- ] or [ RESET ] in next wand you're holding with no draw\nif this wand is last: change [ in next wand ] to [ in first wand ] \nafter that, draw 1",,,,,,,,"禁抽地释放你下 1 个法杖中不为 [ 泽塔+ ] 、 [ 泽塔- ] 或 [ 魔杖刷新 ] 的随机 1 个法术\n如果释放此法术的法杖是最后 1 个: 将 [ 下 1 个法杖 ] 改为 [ 第 1 个法杖 ] \n那之后, 抽 1",,,,,,,,,,,,,,,
action_empty_beta+,BETA+,,,,,,,,贝塔+,,,,,,,,,,,,,,,,
actiondesc_empty_beta+,"Casts every even-slot spells in hand and odd-slot spells in deck and graveyard which is not [ BETA+ ], [ BETA- ] or [ RESET ]\nignore their impact on mana, fire rate wait and reload time",,,,,,,,"释放不为 [ 贝塔+ ] 、 [ 贝塔- ] 或 [ 魔杖刷新 ] 的手卡每个偶数号位的法术与卡组、墓地奇数号位的法术\n无视它们对法力、施法延迟、充能时间的影响",,,,,,,,,,,,,,,,
action_empty_lambda+,LAMBDA+,,,,,,,,兰姆达+,,,,,,,,,,,,,,,,
actiondesc_empty_lambda+,Cast 2 spells in front of hand\nif hand contains only 1 spell: cast this spell 2 times,,,,,,,,依次释放手卡最前 2 个法术\n如果手卡只有 1 个法术: 改为释放这个法术 2 次,,,,,,,,,,,,,,,,
action_empty_chi+,CHI+,,,,,,,,凯+,,,,,,,,,,,,,,,,
actiondesc_empty_chi+,"Casts every utility-type spell which is not [ RESET ] by original order of wand with no draw\nignore their impact on mana, fire rate wait and reload time",,,,,,,,按法杖原本序列依次禁抽地释放每个不为 [ 魔杖刷新 ] 的实用法术\n无视它们对法力、施法延迟、充能时间的影响,,,,,,,,,,,,,,,,
action_empty_theta+,THETA+,,,,,,,,希塔+,,,,,,,,,,,,,,,,
actiondesc_empty_theta+,"Casts every material-type spell by original order of wand with no draw\nignore their impact on mana, fire rate wait and reload time",,,,,,,,按法杖原本序列依次禁抽地释放每个材料法术\n无视它们对法力、施法延迟、充能时间的影响,,,,,,,,,,,,,,,,
action_empty_omicron+,OMICRON+,,,,,,,,奥密克戎+,,,,,,,,,,,,,,,,
actiondesc_empty_omicron+,"Casts every other-type spell which is not [ OMICRON+ ] or [ OMICRON- ] by original order of wand with no draw\nignore their impact on mana, fire rate wait and reload time",,,,,,,,按法杖原本序列依次禁抽地释放每个不为 [ 奥密克戎+ ] 或 [ 奥密克戎- ] 的其他法术\n无视它们对法力、施法延迟、充能时间的影响,,,,,,,,,,,,,,,,
action_empty_alpha-,ALPHA-,,,,,,,,阿尔法-,,,,,,,,,,,,,,,,
actiondesc_empty_alpha-,"Casts the first spell which is not [ ALPHA+ ] , [ ALPHA- ] or [ RESET ] in deck",,,,,,,,释放卡组第 1 个不为 [ 阿尔法+ ] 、 [ 阿尔法- ] 或 [ 魔杖刷新 ] 的法术,,,,,,,,,,,,,,,,
action_empty_gamma-,GAMMA-,,,,,,,,伽马-,,,,,,,,,,,,,,,
actiondesc_empty_gamma-,"Casts the last spell which is not [ GAMMA+ ] , [ GAMMA- ] or [ RESET ] in graveyard",,,,,,,,释放墓地最后 1 个不为 [ 伽马+ ] 、 [ 伽马- ] 或 [ 魔杖刷新 ] 的法术,,,,,,,,,,,,,,,,
action_empty_tau-,TAU-,,,,,,,,陶-,,,,,,,,,,,,,,,,
actiondesc_empty_tau-,Cast 2 spells in behind of graveyard\nif graveyard contains only 1 spell: cast this spell 2 times,,,,,,,,依次释放墓地最后 2 个法术\n如果墓地只有 1 个法术: 改为释放这个法术 2 次,,,,,,,,,,,,,,,,
action_empty_omega-,OMEGA-,,,,,,,,终结-,,,,,,,,,,,,,,,,
actiondesc_empty_omega-,"Casts every non-recursive spell by original order of every wand in inventory with no draw\nignore their impact on mana, fire rate wait and reload time\nafter that, draw spells equal to the number cast",,,,,,,,"按原本序列依次禁抽地释放持有的所有法杖内每个非递归法术\n无视它们对法力、施法延迟、充能时间的影响\n那之后, 抽出释放法术的数量",,,,,,,,,,,,,,,,
action_empty_mu-,MU-,,,,,,,,缪-,,,,,,,,,,,,,,,,
actiondesc_empty_mu-,"Cast every modifier-type spell by reverse order from graveyard, deck and then hand\nignore their impact on mana, fire rate wait and reload time\nwarning: drawing is forcibly enabled during casting",,,,,,,,"按墓地、卡组、手卡的顺序依次倒序地释放每个修正法术\n无视它们对法力、施法延迟、充能时间的影响\n警告: 释放过程中抽取强制开启",,,,,,,,,,,,,,,,
action_empty_zeta-,ZETA-,,,,,,,,泽塔-,,,,,,,,,,,,,,,,
actiondesc_empty_zeta-,"Copies a random spell which is not [ ZETA+ ] , [ ZETA- ] or [ RESET ] in this wand you're holding with no draw\nafter that, draw 1",,,,,,,,"禁抽地释放这个法杖中不为 [ 泽塔+ ] 、 [ 泽塔- ] 或 [ 魔杖刷新 ] 的随机 1 个法术\n那之后, 抽 1",,,,,,,,,,,,,,,
action_empty_beta-,BETA-,,,,,,,,贝塔-,,,,,,,,,,,,,,,,
actiondesc_empty_beta-,"Casts every odd-slot spells in hand and even-slot spells in deck and graveyard which is not [ BETA+ ], [ BETA- ] or [ RESET ]\nignore their impact on mana, fire rate wait and reload time",,,,,,,,"释放不为 [ 贝塔+ ] 、 [ 贝塔- ] 或 [ 魔杖刷新 ] 的手卡每个奇数号位的法术与卡组、墓地偶数号位的法术\n无视它们对法力、施法延迟、充能时间的影响",,,,,,,,,,,,,,,,
action_empty_lambda-,LAMBDA-,,,,,,,,兰姆达-,,,,,,,,,,,,,,,,
actiondesc_empty_lambda-,Cast 2 spells in behind of hand\nif hand contains only 1 spell: cast this spell 2 times,,,,,,,,依次释放手卡最后 2 个法术\n如果手卡只有 1 个法术: 改为释放这个法术 2 次,,,,,,,,,,,,,,,,
action_empty_chi-,CHI-,,,,,,,,凯-,,,,,,,,,,,,,,,,
actiondesc_empty_chi-,"Casts every utility-type spell which is not [ RESET ] by reverse order from graveyard, deck and then hand with no draw\nignore their impact on mana, fire rate wait and reload time\nafter that, shuffle order of spells in deck, hand and graveyard",,,,,,,,"按法杖原本序列依次禁抽地释放每个不为 [ 魔杖刷新 ] 的实用法术\n无视它们对法力、施法延迟、充能时间的影响\n那之后, 分别打乱卡组、手卡、墓地中法术的排列顺序",,,,,,,,,,,,,,,,
action_empty_theta-,THETA-,,,,,,,,希塔-,,,,,,,,,,,,,,,,
actiondesc_empty_theta-,"Casts every material-type spell by reverse order from graveyard, deck and then hand with no draw\nignore their impact on mana, fire rate wait and reload time\nafter that, draw spells equal to the number cast",,,,,,,,"按墓地、卡组、手卡的顺序依次倒序禁抽地释放每个材料法术\n无视它们对法力、施法延迟、充能时间的影响\n那之后, 抽出释放法术的数量",,,,,,,,,,,,,,,,
action_empty_omicron-,OMICRON-,,,,,,,,奥密克戎-,,,,,,,,,,,,,,,,
actiondesc_empty_omicron-,"Casts every other-type spell which is not [ OMICRON+ ] or [ OMICRON- ] by reverse order from graveyard, deck and then hand with no draw\nignore their impact on mana, fire rate wait and reload time\nafter that, send spells equal to number cast from front of hand to graveyard as much as possible",,,,,,,,"按墓地、卡组、手卡的顺序依次倒序禁抽地释放每个不为 [ 奥密克戎+ ] 或 [ 奥密克戎- ] 的其他法术\n无视它们对法力、施法延迟、充能时间的影响\n那之后, 尽可能从手卡前面把释放数量的法术送去墓地",,,,,,,,,,,,,,,,
action_empty_divide_2+,Divide by 2 +,,,,,,,,一分为二+,,,,,,,,,,,,,,,,
actiondesc_empty_divide_2+,"Initial iteration: 1; Iteration limit: 5\nremember the <iteration count>th spell from front of deck\ncast the remembered spell 2 times with no draw, but reduce its damage\niteration count of spells cast this way +1\nif this spell's iteration count exceeds its iteration limit: change to 'Divide by 1'\nif this is the last 'divide by (+/-)': return <iteration count> as <recursive count>\nif this is iteration 1: send <recursive count> spells from front of deck to graveyard, after that, draw 1\nspecifically, if spell cast is 'Colorful' series: recursion level treat as nil",,,,,,,,"初始迭代: 1; 迭代极限: 5\n记住卡组前面第 <迭代数> 个法术\n禁抽地释放记住的法术 2 次，但降低其伤害\n这个方法释放的法术 <迭代数> +1\n如果此法术的迭代数超出其迭代极限: 变为 '一分为一+'\n如果这是最后1个 '一分(+/-)' : 将 <迭代数> 作为 <递归数> 回传\n如果这是迭代1: 从卡组前面把 <递归数> 个法术送去墓地, 那之后, 抽 1\n特别地, 释放 '幻彩' 系列法术时: 递归等级 当作 nil 处理",,,,,,,,,,,,,,,,
action_empty_divide_3+,Divide by 3 +,,,,,,,,一分为三+,,,,,,,,,,,,,,,,
actiondesc_empty_divide_3+,"Initial iteration: 1; Iteration limit: 4\nremember the <iteration count>th spell from front of deck\ncast the remembered spell 3 times with no draw, but reduce its damage\niteration count of spells cast this way +1\nif this spell's iteration count exceeds its iteration limit: change to 'Divide by 1'\nif this is the last 'divide by (+/-)': return <iteration count> as <recursive count>\nif this is iteration 1: send <recursive count> spells from front of deck to graveyard, after that, draw 1\nspecifically, if spell cast is 'Colorful' series: recursion level treat as nil",,,,,,,,"初始迭代: 1; 迭代极限: 4\n记住卡组前面第 <迭代数> 个法术\n禁抽地释放记住的法术 3 次，但降低其伤害\n这个方法释放的法术 <迭代数> +1\n如果此法术的迭代数超出其迭代极限: 变为 '一分为一+'\n如果这是最后1个 '一分(+/-)' : 将 <迭代数> 作为 <递归数> 回传\n如果这是迭代1: 从卡组前面把 <递归数> 个法术送去墓地, 那之后, 抽 1\n特别地, 释放 '幻彩' 系列法术时: 递归等级 当作 nil 处理",,,,,,,,,,,,,,,,
action_empty_divide_4+,Divide by 4 +,,,,,,,,一分为四+,,,,,,,,,,,,,,,,
actiondesc_empty_divide_4+,"Initial iteration: 1; Iteration limit: 3\nremember the <iteration count>th spell from front of deck\ncast the remembered spell 4 times with no draw, but reduce its damage\niteration count of spells cast this way +1\nif this spell's iteration count exceeds its iteration limit: change to 'Divide by 1'\nif this is the last 'divide by (+/-)': return <iteration count> as <recursive count>\nif this is iteration 1: send <recursive count> spells from front of deck to graveyard, after that, draw 1\nspecifically, if spell cast is 'Colorful' series: recursion level treat as nil",,,,,,,,"初始迭代: 1; 迭代极限: 3\n记住卡组前面第 <迭代数> 个法术\n禁抽地释放记住的法术 4 次，但降低其伤害\n这个方法释放的法术 <迭代数> +1\n如果此法术的迭代数超出其迭代极限: 变为 '一分为一+'\n如果这是最后1个 '一分(+/-)' : 将 <迭代数> 作为 <递归数> 回传\n如果这是迭代1: 从卡组前面把 <递归数> 个法术送去墓地, 那之后, 抽 1\n特别地, 释放 '幻彩' 系列法术时: 递归等级 当作 nil 处理",,,,,,,,,,,,,,,,
action_empty_divide_10+,Divide by 10 +,,,,,,,,一分为十+,,,,,,,,,,,,,,,,
actiondesc_empty_divide_10+,"Initial iteration: 1; Iteration limit: 2\nremember the <iteration count>th spell from front of deck\ncast the remembered spell 10 times with no draw, but reduce its damage\niteration count of spells cast this way +1\nif this spell's iteration count exceeds its iteration limit: change to 'Divide by 1'\nif this is the last 'divide by (+/-)': return <iteration count> as <recursive count>\nif this is iteration 1: send <recursive count> spells from front of deck to graveyard, after that, draw 1\nspecifically, if spell cast is 'Colorful' series: recursion level treat as nil",,,,,,,,"初始迭代: 1; 迭代极限: 2\n记住卡组前面第 <迭代数> 个法术\n禁抽地释放记住的法术 10 次，但降低其伤害\n这个方法释放的法术 <迭代数> +1\n如果此法术的迭代数超出其迭代极限: 变为 '一分为一+'\n如果这是最后1个 '一分(+/-)' : 将 <迭代数> 作为 <递归数> 回传\n如果这是迭代1: 从卡组前面把 <递归数> 个法术送去墓地, 那之后, 抽 1\n特别地, 释放 '幻彩' 系列法术时: 递归等级 当作 nil 处理",,,,,,,,,,,,,,,,
action_empty_divide_2-,Divide by 2 -,,,,,,,,一分为二-,,,,,,,,,,,,,,,,
actiondesc_empty_divide_2-,"Initial iteration: 1; Iteration limit: 7\ncast the <iteration count>th spell from front of deck 2 times with no draw, but reduce its damage\niteration count of spells cast this way +1\nif this spell's iteration count exceeds its iteration limit: change to 'Divide by 1'\nif this is the last 'divide by (+/-)': return <iteration count> as <recursive count>\nif this is iteration 1: send <recursive count> spells from front of deck to graveyard\nspecifically, if spell cast is 'Colorful' series: recursion level treat as 2",,,,,,,,"初始迭代: 1; 迭代极限: 7\n释放卡组前面第 <迭代数> 个法术 2 次，但降低其伤害\n这个方法释放的法术迭代数 +1\n如果此法术的迭代数超出其迭代极限: 变为 '一分为一-'\n如果这是最后1个 '一分(+/-)' : 将 <迭代数> 作为 <递归数> 回传\n如果这是迭代1: 从卡组前面把 <递归数> 个法术送去墓地\n特别地, 释放 '幻彩' 系列法术时: 递归等级 当作 2 处理",,,,,,,,,,,,,,,,
action_empty_divide_3-,Divide by 3 -,,,,,,,,一分为三-,,,,,,,,,,,,,,,,
actiondesc_empty_divide_3-,"Initial iteration: 1; Iteration limit: 5\ncast the <iteration count>th spell from front of deck 3 times with no draw, but reduce its damage\niteration count of spells cast this way +1\nif this spell's iteration count exceeds its iteration limit: change to 'Divide by 1'\nif this is the last 'divide by (+/-)': return <iteration count> as <recursive count>\nif this is iteration 1: send <recursive count> spells from front of deck to graveyard\nspecifically, if spell cast is 'Colorful' series: recursion level treat as 2",,,,,,,,"初始迭代: 1; 迭代极限: 5\n释放卡组前面第 <迭代数> 个法术 3 次，但降低其伤害\n这个方法释放的法术迭代数 +1\n如果此法术的迭代数超出其迭代极限: 变为 '一分为一-'\n如果这是最后1个 '一分(+/-)' : 将 <迭代数> 作为 <递归数> 回传\n如果这是迭代1: 从卡组前面把 <递归数> 个法术送去墓地\n特别地, 释放 '幻彩' 系列法术时: 递归等级 当作 2 处理",,,,,,,,,,,,,,,,
action_empty_divide_4-,Divide by 4 -,,,,,,,,一分为四-,,,,,,,,,,,,,,,,
actiondesc_empty_divide_4-,"Initial iteration: 1; Iteration limit: 4\ncast the <iteration count>th spell from front of deck 4 times with no draw, but reduce its damage\niteration count of spells cast this way +1\nif this spell's iteration count exceeds its iteration limit: change to 'Divide by 1'\nif this is the last 'divide by (+/-)': return <iteration count> as <recursive count>\nif this is iteration 1: send <recursive count> spells from front of deck to graveyard\nspecifically, if spell cast is 'Colorful' series: recursion level treat as 2",,,,,,,,"初始迭代: 1; 迭代极限: 4\n释放卡组前面第 <迭代数> 个法术 4 次，但降低其伤害\n这个方法释放的法术迭代数 +1\n如果此法术的迭代数超出其迭代极限: 变为 '一分为一-'\n如果这是最后1个 '一分(+/-)' : 将 <迭代数> 作为 <递归数> 回传\n如果这是迭代1: 从卡组前面把 <递归数> 个法术送去墓地\n特别地, 释放 '幻彩' 系列法术时: 递归等级 当作 2 处理",,,,,,,,,,,,,,,,
action_empty_divide_10-,Divide by 10 -,,,,,,,,一分为十-,,,,,,,,,,,,,,,,
actiondesc_empty_divide_10-,"Initial iteration: 1; Iteration limit: 3\ncast the <iteration count>th spell from front of deck 10 times with no draw, but reduce its damage\niteration count of spells cast this way +1\nif this spell's iteration count exceeds its iteration limit: change to 'Divide by 1'\nif this is the last 'divide by (+/-)': return <iteration count> as <recursive count>\nif this is iteration 1: send <recursive count> spells from front of deck to graveyard\nspecifically, if spell cast is 'Colorful' series: recursion level treat as 2",,,,,,,,"初始迭代: 1; 迭代极限: 3\n释放卡组前面第 <迭代数> 个法术 10 次，但降低其伤害\n这个方法释放的法术迭代数 +1\n如果此法术的迭代数超出其迭代极限: 变为 '一分为一-'\n如果这是最后1个 '一分(+/-)' : 将 <迭代数> 作为 <递归数> 回传\n如果这是迭代1: 从卡组前面把 <递归数> 个法术送去墓地\n特别地, 释放 '幻彩' 系列法术时: 递归等级 当作 2 处理",,,,,,,,,,,,,,,,
action_empty_command_number_hex,< NUMBER > 0×,,,,,,,,< 数值 > 0×,,,,,,,,,,,,,,,,
actiondesc_empty_command_number_hex,"You call it......NUMBER?\nwhen cast directly: fire rate wait and reload time -16 frame",,,,,,,,"你管这个叫......数值?\n直接释放时: 施法延迟与充能时间 -16 帧",,,,,,,,,,,,,,,,
action_empty_command_number_0,< NUMBER > 0,,,,,,,,< 数值 > 0,,,,,,,,,,,,,,,,
actiondesc_empty_command_number_0,"Just a 0, what do you think it can do?\nwhen cast directly: swap fire rate wait and reload time",,,,,,,,"只是个 0, 你觉得它能做什么呢?\n直接释放时: 交换施法延迟与充能时间",,,,,,,,,,,,,,,,
action_empty_command_number_1,< NUMBER > 1,,,,,,,,< 数值 > 1,,,,,,,,,,,,,,,,
actiondesc_empty_command_number_1,"Just a 1, what do you think it can do?\nwhen cast directly: fire rate wait and reload time -1 frame",,,,,,,,"只是个 1, 你觉得它能做什么呢?\n直接释放时: 施法延迟与充能时间 -1 帧",,,,,,,,,,,,,,,,
action_empty_command_number_2,< NUMBER > 2,,,,,,,,< 数值 > 2,,,,,,,,,,,,,,,,
actiondesc_empty_command_number_2,"Just a 2, what do you think it can do?\nwhen cast directly: fire rate wait and reload time -2 frame",,,,,,,,"只是个 2, 你觉得它能做什么呢?\n直接释放时: 施法延迟与充能时间 -2 帧",,,,,,,,,,,,,,,,
action_empty_command_number_3,< NUMBER > 3,,,,,,,,< 数值 > 3,,,,,,,,,,,,,,,,
actiondesc_empty_command_number_3,"Just a 3, what do you think it can do?\nwhen cast directly: fire rate wait and reload time -3 frame",,,,,,,,"只是个 3, 你觉得它能做什么呢?\n直接释放时: 施法延迟与充能时间 -3 帧",,,,,,,,,,,,,,,,
action_empty_command_number_4,< NUMBER > 4,,,,,,,,< 数值 > 4,,,,,,,,,,,,,,,,
actiondesc_empty_command_number_4,"Mista! come and have a look what's this?\nwhen cast directly: fire rate wait and reload time -4 frame",,,,,,,,"米 4 达! 来看看这是几?\n直接释放时: 施法延迟与充能时间 -4 帧",,,,,,,,,,,,,,,,
action_empty_command_number_5,< NUMBER > 5,,,,,,,,< 数值 > 5,,,,,,,,,,,,,,,,
actiondesc_empty_command_number_5,"Just a 5, what do you think it can do?\nwhen cast directly: fire rate wait and reload time -5 frame",,,,,,,,"只是个 5, 你觉得它能做什么呢?\n直接释放时: 施法延迟与充能时间 -5 帧",,,,,,,,,,,,,,,,
action_empty_command_number_6,< NUMBER > 6,,,,,,,,< 数值 > 6,,,,,,,,,,,,,,,,
actiondesc_empty_command_number_6,"Just a 6, what do you think it can do?\nwhen cast directly: fire rate wait and reload time -6 frame",,,,,,,,"只是个 6, 你觉得它能做什么呢?\n直接释放时: 施法延迟与充能时间 -6 帧",,,,,,,,,,,,,,,,
action_empty_command_number_7,< NUMBER > 7,,,,,,,,< 数值 > 7,,,,,,,,,,,,,,,,
actiondesc_empty_command_number_7,"Just a 7, what do you think it can do?\nwhen cast directly: fire rate wait and reload time -7 frame",,,,,,,,"只是个 7, 你觉得它能做什么呢?\n直接释放时: 施法延迟与充能时间 -7 帧",,,,,,,,,,,,,,,,
action_empty_command_number_8,< NUMBER > 8,,,,,,,,< 数值 > 8,,,,,,,,,,,,,,,,
actiondesc_empty_command_number_8,"Just a 8, what do you think it can do?\nwhen cast directly: fire rate wait and reload time -8 frame",,,,,,,,"只是个 8, 你觉得它能做什么呢?\n直接释放时: 施法延迟与充能时间 -8 帧",,,,,,,,,,,,,,,,
action_empty_command_number_9,< NUMBER > 9,,,,,,,,< 数值 > 9,,,,,,,,,,,,,,,,
actiondesc_empty_command_number_9,"Just a 9, what do you think it can do?\nwhen cast directly: fire rate wait and reload time -9 frame",,,,,,,,"只是个 9, 你觉得它能做什么呢?\n直接释放时: 施法延迟与充能时间 -9 帧",,,,,,,,,,,,,,,,
action_empty_command_number_a,< NUMBER > a,,,,,,,,< 数值 > a,,,,,,,,,,,,,,,,
actiondesc_empty_command_number_a,"Is this a NUMBER?\nwhen cast directly: fire rate wait and reload time -10 frame",,,,,,,,"这是个数值?\n直接释放时: 施法延迟与充能时间 -10 帧",,,,,,,,,,,,,,,,
action_empty_command_number_b,< NUMBER > b,,,,,,,,< 数值 > b,,,,,,,,,,,,,,,,
actiondesc_empty_command_number_b,"Is this a NUMBER?\nwhen cast directly: fire rate wait and reload time -11 frame",,,,,,,,"这是个数值?\n直接释放时: 施法延迟与充能时间 -11 帧",,,,,,,,,,,,,,,,
action_empty_command_number_c,< NUMBER > c,,,,,,,,< 数值 > c,,,,,,,,,,,,,,,,
actiondesc_empty_command_number_c,"Is this a NUMBER?\nwhen cast directly: fire rate wait and reload time -12 frame",,,,,,,,"这是个数值?\n直接释放时: 施法延迟与充能时间 -12 帧",,,,,,,,,,,,,,,,
action_empty_command_number_d,< NUMBER > d,,,,,,,,< 数值 > d,,,,,,,,,,,,,,,,
actiondesc_empty_command_number_d,"Is this a NUMBER?\nwhen cast directly: fire rate wait and reload time -13 frame",,,,,,,,"这是个数值?\n直接释放时: 施法延迟与充能时间 -13 帧",,,,,,,,,,,,,,,,
action_empty_command_number_e,< NUMBER > e,,,,,,,,< 数值 > e,,,,,,,,,,,,,,,,
actiondesc_empty_command_number_e,"Is this a NUMBER?\nwhen cast directly: fire rate wait and reload time -14 frame",,,,,,,,"这是个数值?\n直接释放时: 施法延迟与充能时间 -14 帧",,,,,,,,,,,,,,,,
action_empty_command_number_f,< NUMBER > f,,,,,,,,< 数值 > f,,,,,,,,,,,,,,,,
actiondesc_empty_command_number_f,"Is this a NUMBER?\nwhen cast directly: fire rate wait and reload time -15 frame",,,,,,,,"这是个数值?\n直接释放时: 施法延迟与充能时间 -15 帧",,,,,,,,,,,,,,,,
action_empty_command_selector_@self,< SELECTOR > @self,,,,,,,,< 目标选择器 > @self,,,,,,,,,,,,,,,,
actiondesc_empty_command_selector_@self,"Return shooter as <NUMBER>\nwhen cast directly: add 5 mana to this wand",,,,,,,,"将施法者作为 <数值> 返回\n直接释放时: 向法杖注入 5 法力",,,,,,,,,,,,,,,,
action_empty_command_selector_@closest,< SELECTOR > @closest,,,,,,,,< 目标选择器 > @closest,,,,,,,,,,,,,,,,
actiondesc_empty_command_selector_@closest,"Return closest entity as <NUMBER>\nwhen cast directly: add 10 mana to this wand",,,,,,,,"将最近的实体作为 <数值> 返回\n直接释放时: 向法杖注入 10 法力",,,,,,,,,,,,,,,,
action_empty_command_selector_@random,< SELECTOR > @random,,,,,,,,< 目标选择器 > @random,,,,,,,,,,,,,,,,
actiondesc_empty_command_selector_@random,"Return a random entity as <NUMBER>\nwhen cast directly: add 30 mana to this wand",,,,,,,,"将随机 1 个实体作为 <数值> 返回\n直接释放时: 向法杖注入 30 法力",,,,,,,,,,,,,,,,
action_empty_command_selector_@players,< SELECTOR > @players,,,,,,,,< 目标选择器 > @players,,,,,,,,,,,,,,,,
actiondesc_empty_command_selector_@players,"Return all players as <NUMBER[ ]>\nwhen cast directly: add 10 mana to this wand",,,,,,,,"将所有玩家作为 <数值[ ]> 返回\n直接释放时: 向法杖注入 10 法力",,,,,,,,,,,,,,,,
action_empty_command_selector_@enemies,< SELECTOR > @enemies,,,,,,,,< 目标选择器 > @enemies,,,,,,,,,,,,,,,,
actiondesc_empty_command_selector_@enemies,"Return all enemies as <NUMBER[ ]>\nwhen cast directly: add 10 mana to this wand",,,,,,,,"将所有敌怪作为 <数值[ ]> 返回\n直接释放时: 向法杖注入 10 法力",,,,,,,,,,,,,,,,
action_empty_command_selector_@bosses,< SELECTOR > @bosses,,,,,,,,< 目标选择器 > @bosses,,,,,,,,,,,,,,,,
actiondesc_empty_command_selector_@bosses,"Return all bosses as <NUMBER[ ]>\nwhen cast directly: add 20 mana to this wand",,,,,,,,"将所有头目作为 <数值[ ]> 返回\n直接释放时: 向法杖注入 20 法力",,,,,,,,,,,,,,,,
action_empty_command_selector_@projectiles,< SELECTOR > @projectiles,,,,,,,,< 目标选择器 > @projectiles,,,,,,,,,,,,,,,,
actiondesc_empty_command_selector_@projectiles,"Return all projectiles as <NUMBER[ ]>\nwhen cast directly: add 10 mana to this wand",,,,,,,,"将所有投射物作为 <数值[ ]> 返回\n直接释放时: 向法杖注入 10 法力",,,,,,,,,,,,,,,,
action_empty_command_selector_@wands,< SELECTOR > @wands,,,,,,,,< 目标选择器 > @wands,,,,,,,,,,,,,,,,
actiondesc_empty_command_selector_@wands,"Return all wands as <NUMBER[ ]>\nwhen cast directly: add 10 mana to this wand",,,,,,,,"将所有法杖作为 <数值[ ]> 返回\n直接释放时: 向法杖注入 10 法力",,,,,,,,,,,,,,,,
action_empty_command_selector_@potions,< SELECTOR > @potions,,,,,,,,< 目标选择器 > @potions,,,,,,,,,,,,,,,,
actiondesc_empty_command_selector_@potions,"Return all potions as <NUMBER[ ]>\nwhen cast directly: add 15 mana to this wand",,,,,,,,"将所有魔药作为 <数值[ ]> 返回\n直接释放时: 向法杖注入 15 法力",,,,,,,,,,,,,,,,
action_empty_command_selector_@items,< SELECTOR > @items,,,,,,,,< 目标选择器 > @items,,,,,,,,,,,,,,,,
actiondesc_empty_command_selector_@items,"Return all items as <NUMBER[ ]>\nwhen cast directly: add 10 mana to this wand",,,,,,,,"将所有物品作为 <数值[ ]> 返回\n直接释放时: 向法杖注入 10 法力",,,,,,,,,,,,,,,,
action_empty_command_selector_@chunk_len,< SELECTOR > @chunk_len,,,,,,,,< 目标选择器 > @chunk_len,,,,,,,,,,,,,,,,
actiondesc_empty_command_selector_@chunk_len,"Return chunk's length ( 512 ) as <NUMBER>\nwhen cast directly: Send all spells from hand to graveyard",,,,,,,,"将区块边长 ( 512 ) 作为 <数值> 返回\n直接释放时: 将手卡全部法术送去墓地",,,,,,,,,,,,,,,,
action_empty_command_selector_@world_len,< SELECTOR > @world_len,,,,,,,,< 目标选择器 > @world_len,,,,,,,,,,,,,,,,
actiondesc_empty_command_selector_@world_len,"Return world's length as <NUMBER>\nwhen cast directly: Send all spells from deck to graveyard",,,,,,,,"将世界长度作为 <数值> 返回\n直接释放时: 将卡组全部法术送去墓地",,,,,,,,,,,,,,,,
action_empty_command_selector_@entities,< SELECTOR > @entities,,,,,,,,< 目标选择器 > @entities,,,,,,,,,,,,,,,,
actiondesc_empty_command_selector_@entities,"Return all entities as <NUMBER[ ]>\nwhen cast directly: set mana to 0",,,,,,,,"将所有实体作为 <数值[ ]> 返回\n直接释放时: 法杖的法力变成 0",,,,,,,,,,,,,,,,
action_empty_command_selector_~,< SELECTOR > ~,,,,,,,,< 目标选择器 > ~,,,,,,,,,,,,,,,,
actiondesc_empty_command_selector_~,"A context-sensitive SELECTOR, changes its value based on its position\nwhen cast directly: reverse all spells' order in deck, hand and graveyard",,,,,,,,"很有灵性的选择器, 会随放置位置的不同而变更它的值\n直接释放时: 反转卡组、手卡、墓地的法术序列",,,,,,,,,,,,,,,,
action_empty_command_operator_add,< OPERATOR > +,,,,,,,,< 运算符 > +,,,,,,,,,,,,,,,,
actiondesc_empty_command_operator_add,"Syntax:\n1. <NUMBER|NUMBER[ ]> a + <NUMBER|NUMBER[ ]> b\nreturn value of a + b\nif 1 of them is <NUMBER[ ]>: add each <NUMBER> in it to other value\n2. ( at start of para expr.: ) + <NUMBER|NUMBER[ ]> num\nCAUTION: a and b in 1. can't both be <NUMBER[ ]>\nwhen cast directly: fire rate wait and reload time set to ( fire + reload )",,,,,,,,"语法:\n1. <数值|数值[ ]> a + <数值|数值[ ]> b\n返回 a + b 的值\n如果其中 1 项是 <数值[ ]>: 将其中的每个 <数值> 与另一个值相加\n2. ( 在参数表达式的开头 ) + <数值|数值[ ]> num\n警告: 1. 中的 a 与 b 不能都是 <数值[ ]>\n\n直接释放时: 释放延迟与充能时间变为 ( 延迟 + 充能 )",,,,,,,,,,,,,,,,
action_empty_command_operator_minus,< OPERATOR > -,,,,,,,,,,,,,,,,,,< 运算符 > -,,,,,,
actiondesc_empty_command_operator_minus,"Syntax:\n1. <NUMBER|NUMBER[ ]> a - <NUMBER|NUMBER[ ]> b\nreturn value of a - b\nif a is <NUMBER[ ]>: subtract b from each <NUMBER> in a\nif b is <NUMBER[ ]>: subtract each <NUMBER> in b from a\n2. ( at start of para expr.: ) - <NUMBER|NUMBER[ ]> num\nCAUTION: a and b in 1. can't both be <NUMBER[ ]>\nwhen cast directly: fire rate wait and reload time set to the other minus self",,,,,,,,"语法:\n1. <数值|数值[ ]> a - <数值|数值[ ]> b\n返回 a - b 的值\n如果其中 1 项是 <数值[ ]>: 将其中的每个 <数值> 与另一个值相减\n2. ( 在参数表达式的开头 ) - <数值|数值[ ]> num\n警告: 1. 中的 a 与 b 不能都是 <数值[ ]>\n\n直接释放时: 释放延迟与充能时间变为另一个减去自身的值",,,,,,,,,,,,,,,,
action_empty_command_operator_multi,< OPERATOR > ×,,,,,,,,< 运算符 > ×,,,,,,,,,,,,,,,,
actiondesc_empty_command_operator_multi,"Syntax:\n<NUMBER|NUMBER[ ]> a × <NUMBER|NUMBER[ ]> b\nreturn value of a × b\nif 1 of them is <NUMBER[ ]>: multiply each <NUMBER> in it by other value\nCAUTION: a and b can't both be <NUMBER[ ]>\nwhen cast directly: fire rate wait and reload time set to ( fire × reload )",,,,,,,,"语法:\n<数值|数值[ ]> a × <数值|数值[ ]> b\n返回 a × b 的值\n如果其中 1 项是 <数值[ ]>: 将其中的每个 <数值> 与另一个值相乘\n警告: a 与 b 不能都是 <数值[ ]>\n\n直接释放时: 释放延迟与充能时间变为 ( 延迟 × 充能 )",,,,,,,,,,,,,,,,
action_empty_command_operator_divide,< OPERATOR > /,,,,,,,,< 运算符 > /,,,,,,,,,,,,,,,,
actiondesc_empty_command_operator_divide,"Syntax:\n<NUMBER|NUMBER[ ]> a / <NUMBER|NUMBER[ ]> b\nreturn value of a / b\nif a is <NUMBER[ ]>: divide each <NUMBER> in a by b\nif b is <NUMBER[ ]>: divide a by each <NUMBER> in b\nCAUTION: a and b can't both be <NUMBER[ ]>\nwhen cast directly: fire rate wait and reload time set to the other divide by self - use as 1 when self is 0",,,,,,,,"语法:\n<数值|数值[ ]> a / <数值|数值[ ]> b\n返回 a / b 的值\n如果其中 1 项是 <数值[ ]>: 将其中的每个 <数值> 与另一个值相除\n警告: a 与 b 不能都是 <数值[ ]>\n\n直接释放时: 释放延迟与充能时间变为另一个除以自身的值, 向上取整 - 分母为 0 时，在计算时分母当作 1 使用",,,,,,,,,,,,,,,,
action_empty_command_separator_comma,"< SEPARATOR > ,",,,,,,,,"< 分隔符 > ,",,,,,,,,,,,,,,,,
actiondesc_empty_command_separator_comma,"You understand all of this gradually......\nwhen cast directly: set mana to 60",,,,,,,,"你逐渐理解一切......\n直接释放时: 将法力设为 60",,,,,,,,,,,,,,,,
action_empty_command_separator_right_parenthesis,"< SEPARATOR > )",,,,,,,,"< 分隔符 > )",,,,,,,,,,,,,,,,
actiondesc_empty_command_separator_right_parenthesis,"You understand all of this gradually......\nwhen cast directly: set fire rate wait and reload time to 60",,,,,,,,"你逐渐理解一切......\n直接释放时: 将释放延迟与充能时间设为 60 帧",,,,,,,,,,,,,,,,
action_empty_command_function_random_get,"< FUNCTION > random_get(",,,,,,,,"< 函数 > random_get(",,,,,,,,,,,,,,,,
actiondesc_empty_command_function_random_get,"Syntax:\nvariable_get( <NUMBER[ ]> extract_table )\nrandom extract 1 value from extract_table, return it as <NUMBER>",,,,,,,,"语法:\nvariable_get( <数值[ ]> 提取数组 )\n从 提取数组 中随机提取 1 项, 并将其作为 <数值> 返回",,,,,,,,,,,,,,,,
action_empty_command_function_get_first,< FUNCTION > get_first(,,,,,,,,< 函数 > get_first(,,,,,,,,,,,,,,,,
actiondesc_empty_command_function_get_first,"Syntax:\n1. get_first( <NUMBER[ ]> extract_table )\nextract first value of extract_table, return it as <NUMBER>\n2. get_first( <NUMBER[ ]> extract_table, <NUMBER> index )\nextract value at index No. from start of extract_table, return it as <NUMBER>",,,,,,,,"语法:\n1. get_first( <数值[ ]> 提取数组 )\n从 提取数组 中提取顺数第 1 项, 并将其作为 <数值> 返回\n2. get_first( <数值[ ]> 提取数组, <数值> N )\n从 提取数组 中提取顺数第 N 项, 并将其作为 <数值> 返回",,,,,,,,,,,,,,,,
action_empty_command_function_get_last,< FUNCTION > get_last(,,,,,,,,< 函数 > get_last(,,,,,,,,,,,,,,,,
actiondesc_empty_command_function_get_last,"Syntax:\n1. get_last( <NUMBER[ ]> extract_table )\nextract last value of extract_table, return it as <NUMBER>\n2. get_last( <NUMBER[ ]> extract_table, <NUMBER> index )\nextract value at index No. from end of extract_table, return it as <NUMBER>",,,,,,,,"语法:\n1. get_last( <数值[ ]> 提取数组 )\n从 提取数组 中提取倒数第 1 项, 并将其作为 <数值> 返回\n2. get_last( <数值[ ]> 提取数组, <数值> N )\n从 提取数组 中提取倒数第 N 项, 并将其作为 <数值> 返回",,,,,,,,,,,,,,,,
action_empty_command_function_variable_get,"< FUNCTION > variable_get(",,,,,,,,"< 函数 > variable_get(",,,,,,,,,,,,,,,,
actiondesc_empty_command_function_variable_get,"Syntax:\nvariable_get( <NUMBER> variable_No )\nget value of variable_No, return it as <NUMBER>",,,,,,,,"语法:\nvariable_get( <数值> 变量编号 )\n获得 变量编号 的值, 将获得的值作为 <数值> 返回",,,,,,,,,,,,,,,,
action_empty_command_function_variable_set,"< FUNCTION > variable_set(",,,,,,,,"< 函数 > variable_set(",,,,,,,,,,,,,,,,
actiondesc_empty_command_function_variable_set,"Syntax:\nvariable_set( <NUMBER> variable_No, <NUMBER> set_value )\nset variable variable_No to set_value, return set_value as <NUMBER>",,,,,,,,"语法:\nvariable_set( <数值> 变量编号, <数值> 设置值 )\n将变量 变量编号 的值设为 设置值, 将 设置值 作为 <数值> 返回",,,,,,,,,,,,,,,,
action_empty_command_function_explode,"< FUNCTION > explode(",,,,,,,,"< 函数 > explode(",,,,,,,,,,,,,,,,
actiondesc_empty_command_function_explode,"Syntax:\n1. explode( <NUMBER> r, <NUMBER|NUMBER[ ]> target )\ncreates an explosion at where target is with explosion radius = r\n2. explode( <NUMBER> r, <NUMBER> x, <NUMBER> y )\nCreates an explosion at specified position with explosion radius = r\nCAUTION: you can't set damage separately - it always equals r",,,,,,,,"语法:\n1. explode( <数值> r, <数值|数值[ ]> 目标 )\n在所有 目标 位置创建 半径 = r 的爆炸\n2. explode( <数值> r, <数值> 目标x, <数值> 目标y )\n在 x = 目标x, y = 目标y 处创建 半径 = r 的爆炸\n警告: 你不能单独设置爆炸伤害 - 它总是等于 r",,,,,,,,,,,,,,,,
action_empty_command_function_lifetime_set,"< FUNCTION > lifetime_set(",,,,,,,,"< 函数 > lifetime_set(",,,,,,,,,,,,,,,,
actiondesc_empty_command_function_lifetime_set,"Syntax:\lifetime_set( <NUMBER> duration )\nmana reduce by duration ( mana may be negative ), set lifetime property of Lifetime Component in projectile to duration, return duration as <NUMBER>\nspecifically: trying to set value of para to -1 will reduce 500 mana and remove lifetime component, instead of increasing 1 mana",,,,,,,,"语法: \nlifetime_set( <数值> 持续时间 )\n扣减等同于 持续时间 的法力 ( 法力可能扣成负数 ), 将投射物中 lifetime 组件的属性设为 持续时间, 将 持续时间 作为 <数值> 返回\n特别地: 尝试向参数输入 -1 将扣减 500 法力且移除 lifetime 组件, 而不是恢复 1 法力",,,,,,,,,,,,,,,,
action_empty_command_function_projectile_lifetime_set,"< FUNCTION > projectile_lifetime_set(",,,,,,,,"< 函数 > projectile_lifetime_set(",,,,,,,,,,,,,,,,
actiondesc_empty_command_function_projectile_lifetime_set,"Syntax:\nprojectile_lifetime_set( <NUMBER> duration )\nmana reduce by duration ( mana may be negative ), set lifetime property of Projectile Component in projectile to duration, return duration as <NUMBER>\nspecifically: trying to set value of para to -1 will reduce 300 mana, instead of increasing 1 mana",,,,,,,,"语法: \nprojectile_lifetime_set( <数值> 持续时间 )\n扣减等同于 持续时间 的法力 ( 法力可能扣成负数 ), 将投射物中 投射物 组件的 lifetime 属性设为 持续时间, 将 持续时间 作为 <数值> 返回\n特别地: 尝试向参数输入 -1 将扣减 300 法力, 而不是恢复 1 法力",,,,,,,,,,,,,,,,
action_empty_command_function_projectile_speed_set,"< FUNCTION > projectile_speed_set(",,,,,,,,"< 函数 > projectile_speed_set(",,,,,,,,,,,,,,,,
actiondesc_empty_command_function_projectile_speed_set,"Syntax:\nprojectile_speed_set( <NUMBER> speed_value )\nset speed of Projectile Component in projectile to speed_value while preserving its direction, return speed_value as <NUMBER>",,,,,,,,"语法: \nprojectile_speed_set( <数值> 速率 )\n在保持投射物速度方向的状态下, 将投射物中 投射物 组件的 速度 属性设为 速率, 将 速率 作为 <数值> 返回",,,,,,,,,,,,,,,,
action_empty_command_function_projectile_gravity_set,"< FUNCTION > projectile_gravity_set(",,,,,,,,"< 函数 > projectile_gravity_set(",,,,,,,,,,,,,,,,
actiondesc_empty_command_function_projectile_gravity_set,"Syntax:\nprojectile_gravity_set( <NUMBER> gravity )\nset gravity_y of Velocity Component in projectile to gravity, return gravity as <NUMBER>",,,,,,,,"语法: \nprojectile_gravity_set( <数值> 重力 )\n将投射物中 速度 组件的 gravity_y 属性设为 重力, 将 重力 作为 <数值> 返回",,,,,,,,,,,,,,,,
action_empty_command_function_projectile_air_friction_set,"< FUNCTION > projectile_air_friction_set(",,,,,,,,"< 函数 > projectile_air_friction_set(",,,,,,,,,,,,,,,,
actiondesc_empty_command_function_projectile_air_friction_set,"Syntax:\nprojectile_air_friction_set( <NUMBER> friction )\nset air_friction of Velocity Component in projectile to friction, return friction as <NUMBER>",,,,,,,,"语法: \nprojectile_air_friction_set( <数值> 阻力 )\n将投射物中 速度 组件的 air_friction 属性设为 阻力, 将 阻力 作为 <数值> 返回",,,,,,,,,,,,,,,,
action_empty_command_function_projectile_shoot_angle_add,"< FUNCTION > projectile_shoot_angle_add(",,,,,,,,"< 函数 > projectile_shoot_angle_add(",,,,,,,,,,,,,,,,
actiondesc_empty_command_function_projectile_shoot_angle_add,"",,,,,,,,"哈......哈...",,,,,,,,,,,,,,,,
action_empty_command_function_projectile_shoot_angle_set,"< FUNCTION > projectile_shoot_angle_set(",,,,,,,,"< 函数 > projectile_shoot_angle_set(",,,,,,,,,,,,,,,,
actiondesc_empty_command_function_projectile_shoot_angle_set,"",,,,,,,,"哈......哈...",,,,,,,,,,,,,,,,
action_empty_command_function_tp,"< FUNCTION > tp(",,,,,,,,"< 函数 > tp(",,,,,,,,,,,,,,,,
actiondesc_empty_command_function_tp,"Syntax:\n1. tp( <NUMBER|NUMBER[ ]> teleport_entity_ids, <NUMBER> target_entity_id )\nteleport all entities within teleport_entity_ids to location where target_entity_id is, return count of teleported entities as <NUMBER>\n2. tp( <NUMBER|NUMBER[ ]> teleport_entity_ids, <NUMBER> target_x, <NUMBER> target_y )\nteleport all entities within teleport_entity_ids to x = target_x, y = target_y, return count of teleported entities as <NUMBER>",,,,,,,,"语法:\n1. tp( <数值|数值[ ]> 传送实体, <数值> 目标实体 )\n将 传送实体 内所有实体传送至 目标实体 处, 将传送实体数量作为 <数值> 返回\n2. tp( <数值|数值[ ]> 传送实体, <数值> 目标x, <数值> 目标y )\n将 传送实体 内所有实体传送至 x = 目标x, y = 目标y 处, 将传送实体数量作为 <数值> 返回",,,,,,,,,,,,,,,,
action_empty_colorful_x2,"! ? ×2 ? !",,,,,,,,"! ? ×2 ? !",,,,,,,,,,,,,,,,
actiondesc_empty_colorful_x2,"Repeat following effects in order until no spell in hand or {×2 count} >= ( 2 × total number of spells in this wand ):\n1. cast first spell in hand with no draw, {×2 count} +1\nbut if first spell in hand is [ ! ? ×2 ? ! ] or [ RESET ]: skip entire 1.\n2. send first spell in hand to graveyard\nignore impact of spells cast in 1. on mana, fire rate wait and reload time\nspecifically, initial value of {×2 count} is 0",,,,,,,,"直到手卡没有法术存在或 {×2计数} >= ( 2 × 法杖内法术总数 ) 为止, 以下效果依次重复适用:\n1. 禁抽地释放手卡第 1 个法术, {×2计数} +1\n如果手卡第 1 个法术是 [ ! ? ×2 ? ! ] 或 [ 魔杖刷新 ]: 改为跳过整个 1.\n2. 将手卡第 1 个法术送去墓地\n无视 1. 中释放的法术对法力、施法延迟、充能时间的影响\n特别地, {×2计数} 初始值为 0",,,,,,,,,,,,,,,,
action_empty_colorful_arrival,"! ? ARRIVAL ? !",,,,,,,,"! ? 到来 ? !",,,,,,,,,,,,,,,,
actiondesc_empty_colorful_arrival,"Repeat following effects in order until no spell in deck or {ARRIVAL count} >= ( 2 × total number of spells in this wand ):\n1. cast first spell in deck with no draw, {ARRIVAL count} +1\nbut if first spell in deck is [ ! ? ARRIVAL ? ! ] or [ RESET ]: skip entire 1.\n2. send first spell in deck to graveyard\nignore impact of spells cast in 1. on mana, fire rate wait and reload time\nspecifically, initial value of {ARRIVAL count} is 0",,,,,,,,"直到卡组没有法术存在或 {到来计数} >= ( 2 × 法杖内法术总数 ) 为止, 以下效果依次重复适用:\n1. 禁抽地释放卡组第 1 个法术, {到来计数} +1\n如果卡组第 1 个法术是 [ ! ? 到来 ? ! ] 或 [ 魔杖刷新 ]: 改为跳过整个 1.\n2. 将卡组第 1 个法术送去墓地\n无视 1. 中释放的法术对法力、施法延迟、充能时间的影响\n特别地, {到来计数} 初始值为 0",,,,,,,,,,,,,,,,
action_empty_colorful_departure,"! ? DEPARTURE ? !",,,,,,,,"! ? 离去 ? !",,,,,,,,,,,,,,,,
actiondesc_empty_colorful_departure,"Repeat following effects in order until no spell in graveyard or {DEPARTURE count} >= ( 2 × total number of spells in this wand ):\n1. cast first spell in graveyard with no draw, {DEPARTURE count} +1\nbut if first spell in graveyard is [ ! ? DEPARTURE ? ! ] or [ RESET ]: skip entire 1.\n2. return first spell in graveyard to deck\nignore impact of spells cast in 1. on mana, fire rate wait and reload time\nspecifically, initial value of {DEPARTURE count} is 0",,,,,,,,"直到墓地没有法术存在或 {离去计数} >= ( 2 × 法杖内法术总数 ) 为止, 以下效果依次重复适用:\n1. 禁抽地释放墓地第 1 个法术, {离去计数} +1\n如果墓地第 1 个法术是 [ ! ? 离去 ? ! ] 或 [ 魔杖刷新 ]: 改为跳过整个 1.\n2. 将墓地第 1 个法术返回卡组\n无视 1. 中释放的法术对法力、施法延迟、充能时间的影响\n特别地, {离去计数} 初始值为 0",,,,,,,,,,,,,,,,
action_empty_colorful_return,"! ? RETURN ? !",,,,,,,,"! ? 归来 ? !",,,,,,,,,,,,,,,,
actiondesc_empty_colorful_return,"Repeat following effects in order until no spell in hand or {RETURN count} >= ( 2 × total number of spells in this wand ):\n1. cast first spell in hand with no draw, {RETURN count} +1\nbut if first spell in hand is [ ! ? RETURN ? ! ] or [ RESET ]: skip entire 1.\n2. if {RETURN count} is:\n· odd: send first spell in hand to graveyard, {discard count} +1\n· even: return first spell in hand to deck\nignore impact of spells cast in 1. on mana, fire rate wait and reload time\nafter that, if {discard count} > 0: return first {discard count} spells from graveyard to front of deck by preserving order\nafter that, if {RETURN count} > 0: draw {RETURN count}\nspecifically, initial value of {RETURN count} and {discard count} is 0",,,,,,,,"直到手卡没有法术存在或 {归来计数} >= ( 2 × 法杖内法术总数 ) 为止, 以下效果依次重复适用:\n1. 禁抽地释放手卡第 1 个法术, {归来计数} +1\n如果墓地第 1 个法术是 [ ! ? 归来 ? ! ] 或 [ 魔杖刷新 ]: 改为跳过整个 1.\n2. 如果 {归来计数} 是:\n· 奇数: 将手卡第 1 个法术送去墓地, {弃牌计数} +1\n· 偶数: 将手卡第 1 个法术返回卡组\n无视 1. 中释放的法术对法力、施法延迟、充能时间的影响\n那之后, 如果 {弃牌计数} > 0: 将墓地前 {弃牌计数} 个法术保持顺序返回卡组前面\n那之后, 如果 {归来计数} > 0: 抽 {归来计数}\n特别地, {归来计数} 与 {弃牌计数} 初始值为 0",,,,,,,,,,,,,,,,
action_black_hole_death_trigger,Black Hole with Death Trigger,Черная дыра и семя смерти,Buraco negro com gatilho de morte,Agujero negro con detonador mortal,Schwarzes Loch mit Todauslöser,Trou noir avec chant du cygne,Buco nero con attivatore di morte,Czarna dziura z wyzwalaczem,带有失效触发的黑洞,デストリガー付きのブラックホール,죽음의 방아쇠 블랙홀,,,,,,,,,,,,,,
actiondesc_black_hole_death_trigger,A slow orb of void that eats through all obstacles and cast another spell as it expires,"Медленный шар пустоты,пожирающий препятствия и по окончании срока действия вызывающий другое заклинание",Um orbe de limbo lento que suga todos os obstáculos e conjura outro feitiço quando ele acaba.,Un orbe lento de vacío que se come todos los obstáculos y lanza otro hechizo al desaparecer,"Eine langsame Kugel der Leere, die sich durch alle Hindernisse frisst und bei Ablauf einen weiteren Zauber wirkt",Un orbe de néant lent qui dévore tous les obstacles et lance un autre sort en expirant,Un orbe di vuoto lento che divora tutti gli ostacoli e lancia un altro incantesimo al termine dell'effetto,"Powolna kula pustki, która pochłania wszystkie przeszkody, a po wygaśnięciu rzuca kolejne zaklęcie","缓慢的虚无球体, 会吞噬沿路的一切障碍, 并在失效时释放另一法术",全ての障害物を飲み込んで、時間切れになったら別の呪文を詠唱するゆっくりとした空間のオーブ,"모든 장애물을 먹어치우는 느린 공허의 오브로,소멸하면 또 다른 주문을 시전합니다.",,,,,,,,,,,,,,
action_mine_death_trigger,Unstable crystal with trigger,Нестабильный кристалл с активацией,Cristal instável de ativação,Cristal inestable activado,Instabiler Kristall mit Auslöser,Cristal instable à déclenchement,Cristallo instabile con attivatore,Niestabilny kryształ z wyzwalaczem,带有失效触发的不稳晶体,トリガー付きの不安定なクリスタル,트리거가 있는 불안정한 수정,,,,,,,,,,,,,,
actiondesc_mine_death_trigger,A crystal that explodes and cast another spell when someone comes nearby,"Кристалл,который взрывается и вызывает другое заклинание при приближении к нему",Um cristal que explode e lança outro feitiço quando alguém se aproxima dele.,Un cristal que explota y lanza otro hechizo cuando alguien se acerca,"Ein Kristall, der explodiert und einen weiteren Zauber auslöst, wenn jemand in seine Nähe kommt",Un cristal qui explose et lance un autre sort quand quelqu'un s'en approche,Un cristallo che esplode e lancia un altro incantesimo quando qualcuno vi si avvicina.,"Kryształ, który wybucha, gdy ktoś się do niego zbliży, i rzuca przy tym kolejne zaklęcie","有人来到近旁便会爆炸, 同时释放另一法术的晶体",誰かが近くに来ると爆発し、もう 1 つの呪文をかけるクリスタル,누군가 가까이 오면 폭발하고 주문을 시전하는 수정입니다,,,,,,,,,,,,,,
action_pipe_bomb_death_trigger,Dormant crystal with trigger,Дремлющий кристалл с активацией,Cristal dormente de ativação,Cristal durmiente activado,Inaktiver Kristall mit Auslöser,Cristal dormant à déclenchement,Cristallo dormiente con attivatore,Uśpiony kryształ z wyzwalaczem,带有失效触发的休眠晶体,トリガー付きの休眠クリスタル,트리거가 있는 휴면 상태 수정,,,,,,,,,,,,,,
actiondesc_pipe_bomb_death_trigger,A crystal that explodes and cast another spell when caught in an explosion,"Кристалл,который взрывается и вызывает другое заклинание,если его затрагивает взрыв",Um cristal que explode e lança outro é feitiço quando atingido por outra explosão.,Un cristal que explota y lanza otro hechizo cuando le alcanza otra explosión,"Ein Kristall, der explodiert und einen weiteren Zauber auslöst, wenn er von einer anderen Explosion getroffen wird",Un cristal qui explose et lance un autre sort une fois pris dans une autre explosion,Un cristallo che esplode e lancia un altro incantesimo quando viene coinvolto in un'esplosione.,"Kryształ, który wybucha, gdy znajdzie się w innym wybuchu, i rzuca przy tym kolejne zaklęcie","被爆炸波及便会爆炸, 同时释放另一法术的晶体",他の爆破に巻き込まれた時に爆発し、もう 1 つの呪文をかけるクリスタル,다른 폭발에 휘말리면 함께 폭발하며 주문을 시전하는 수정입니다.,,,,,,,,,,,,,,
action_summon_egg_death_trigger,Summon egg with death trigger,Призыв пустого яйца,Evocar ovo oco,Invocar huevo vacío,Beschwörung eines hohlen Eis,Invocation d'œuf creux,Uovo vuoto,Przywołanie pustego jaja,召唤带有失效触发的蛋,空の卵の召喚,텅 빈 알 소환,,,,,,,,,,,,,
actiondesc_summon_egg_death_trigger,Summons an egg with death trigger that cast a spell upon cracking open,,,,,,,,"召唤一个带有失效触发的蛋, 可被拾起, 在碎裂时释放另一法术",,,,,,,,,,,,,,,
action_duplicate,2×,2×,2×,2×,2×,2×,2×,2×,2×,2×,2×,,,,,,,,,,,,,,
actiondesc_duplicate,"Casts every spell which is not [ 2× ] or [ RESET ] in hand\nafter that, draw 1",,,,,,,,"依次释放手卡中的每个不为 [ 2× ] 或 [ 魔杖刷新 ] 的法术\n那之后, 抽 1",一つ前に詠唱したすべての呪文を複製する,시전하기 전에 주문을 항상 복제합니다.,,,,,,,,,,,,,,
action_reset,RESET,Обновление жезла,Atualizar varinha,Actualizar varita,Zauberstab auffrischen,Actualiser baguette,Aggiorna bacchetta,Odświeżenie różdżki,魔杖刷新,杖のリフレッシュ,완드 갱신,,,,,,,,,,,,,,
actiondesc_reset,"Send all spells from hand and deck to graveyard, then return all spells in graveyard to deck\nwhen this spell cast twice or more in the same casting: the wand be forced enter reload phase instead",Мгновенно перезаряжает жезл,Recarrega a varinha imediatamente,Recarga la varita al instante,Lädt den Zauberstab sofort auf,Recharge la baguette immédiatement,Ricarica immediatamente la bacchetta,Natychmiast odświeża różdżkę,"将手卡、卡组全部法术送去墓地, 让墓地的全部法术按原本顺序回到卡组\n在同 1 次施法中释放 2 次以上时: 改为强制进入充能冷却",杖をただちにリロードします,완드를 즉시 재장전합니다,,,,,,,,,,,,,,
menupause_modsused,Blackhole Catgirl: peeking,Использование модов: да,Uso de mods: sim,Modificadores en uso: sí,Mods verwendet: ja,Mods utilisés : oui,Mod usate: sì,Użyto modów: tak,黑洞猫娘：正在窥屏,モッド使用：はい,모드 사용: 예,,,,,,,,,,,,,,
empty_also_heal_extra_text,", and get heal for the amount by which your max health increased",,,,,,,,", 并得到等同于增加的生命上限值的治疗",,,,,,,,,,,,,,,,
empty_death_msg_curse_monk,Break the monk's discipline ( CURSE: Monk ),,,,,,,,违反戒律 ( 诅咒: 和尚 ),,,,,,,,,,,,,,,,
empty_death_msg_cursor_teleport,Slit position ( Cursor teleport ),,,,,,,,裂位 ( 光标传送 ),,,,,,,,,,,,,,,,
empty_command_random_get_success,Get $0 from < NUMBER[ ] > randomly,,,,,,,,从 < 数值[ ] > 中随机地获取值 $0,,,,,,,,,,,,,,,
empty_command_get_first_success,"Get value at index $0 from start of < NUMBER[ ] > , it's $1",,,,,,,,"从 < 数值[ ] > 中获取顺数第 $0 个值, 为 $1",,,,,,,,,,,,,,,
empty_command_get_last_success,"Get value at index $0 from end of < NUMBER[ ] > , it's $1",,,,,,,,"从 < 数值[ ] > 中获取倒数第 $0 个值, 为 $1",,,,,,,,,,,,,,,
empty_command_variable_get_success,"Variable $0 = $1",,,,,,,,"变量 $0 = $1",,,,,,,,,,,,,,,,
empty_command_variable_set_success,"Variable $0 is set to $1",,,,,,,,"变量 $0 被设为 $1",,,,,,,,,,,,,,,,
empty_command_explode_tar_success,"Generated 1 explosion at each of $0 entities with radius $1",,,,,,,,"在 $0 个实体处各生成了 1 次半径为 $1 的爆炸",,,,,,,,,,,,,,,,
empty_command_explode_xy_success,"Generated 1 explosion at x = $0, y = $1 with radius $2",,,,,,,,"在 x = $0, y = $1 处生成了 1 次半径为 $2 的爆炸",,,,,,,,,,,,,,,,
empty_command_tp_success,"Teleport $0 entitie(s) to x = $1, y = $2 ",,,,,,,,"传送 $0 个实体至 x = $1, y = $2 ",,,,,,,,,,,,,,,
empty_command_projectile_change_success,"$0 component(s) of projectile be changed",,,,,,,,"$0 个投射物的组件被更改",,,,,,,,,,,,,,,,
empty_command_at_error_no_such_entity,Select 0 entities,,,,,,,,选择了 0 个实体,,,,,,,,,,,,,,,,
empty_command_tp_error_target_dead,"Target ( $0 ) not found, can't teleport",,,,,,,,"目标 ( $0 ) 未找到, 无法传送",,,,,,,,,,,,,,,,
empty_command_tp_error_no_entity_can_tp,"No entity can teleport",,,,,,,,"无实体可传送",,,,,,,,,,,,,,,,
empty_command_error_wrong_para_type,"Wrong para type, need < $0 >, get < $1 >",,,,,,,,"参数类型错误, 需要 < $0 > 类型, 得到 < $1 > 类型",,,,,,,,,,,,,,,,
empty_command_error_index_out_of_range,"Index $0 out of range of < NUMBER[ ] > ( $1 )",,,,,,,,"索引 $0 超出 < 数值[ ] > 范围 ( $1 )",,,,,,,,,,,,,,,,
empty_command_error_no_para_content,"Para $0 have no content",,,,,,,,变量 $0 无内容,,,,,,,,,,,,,,,,
empty_command_error_continuous_operator,Continuous operator,,,,,,,,连续运算符,,,,,,,,,,,,,,,,
empty_command_error_invalid_number,Invalid number ( $0 ),,,,,,,,无效数字 ( $0 ),,,,,,,,,,,,,,,,
empty_command_error_need_operator_here,"Need operator at '$0 → ← $1 '",,,,,,,,"此处需要运算符 '$0 → ← $1 '",,,,,,,,,,,,,,,,
empty_command_error_paras_overflow,"Require max $0 paras, get $1",,,,,,,,"最大需要 $0 个参数, 接受了 $1 个",,,,,,,,,,,,,,,,
empty_command_error_function_syntax_error,Syntax error,,,,,,,,语法错误,,,,,,,,,,,,,,,,
empty_command_error_multi_table_calc,"Multiple < NUMBER[ ] >",,,,,,,,"多重 < NUMBER[ ] >",,,,,,,,,,,,,,,,
empty_command_error_empty_table,"Empty < NUMBER[ ] >",,,,,,,,"< NUMBER[ ] > 为空",,,,,,,,,,,,,,,,
empty_command_error_empty_result,"Empty result",,,,,,,,"无结果",,,,,,,,,,,,,,,,
empty_command_error_lack_paras,"Insufficient paras ( $0 at least, get $1 )",,,,,,,,"参数过少 ( 至少 $0 个, 得到 $1 个 )",,,,,,,,,,,,,,,,
empty_command_error_no_projectile_change,"No component of projectile be changed",,,,,,,,"无投射物的组件被更改",,,,,,,,,,,,,,,,